epoch,stage,stage_age,bce,kd,kd_coef,loss_drop,ema_consistency,saturation_count,switched,switch_reason
1,C3_expand_1_50,1,0.430351,0.000000,0.000000,,0.234166,0,0,
2,C3_expand_1_50,2,0.255842,0.000000,0.000000,,0.175777,0,0,
3,C3_expand_1_50,3,0.172027,0.000000,0.000000,,0.169668,0,0,
4,C3_expand_1_50,4,0.123268,0.000000,0.000000,,0.195739,0,0,
5,C3_expand_1_50,5,0.096914,0.000000,0.000000,,0.242546,0,0,
6,C3_expand_1_50,6,0.077037,0.000000,0.000000,,0.297202,0,0,
7,C3_expand_1_50,7,0.063996,0.000000,0.000000,,0.360191,0,0,
8,C3_expand_1_50,8,0.055433,0.000000,0.000000,,0.417705,0,0,
9,C3_expand_1_50,9,0.049470,0.000000,0.000000,,0.486648,0,0,
10,C3_expand_1_50,10,0.043878,0.000000,0.000000,0.731256,0.537509,0,0,
11,C3_expand_1_50,11,0.041764,0.000000,0.000000,0.648952,0.572403,0,0,
12,C3_expand_1_50,12,0.039644,0.000000,0.000000,0.568322,0.615293,0,0,
13,C3_expand_1_50,13,0.037230,0.000000,0.000000,0.491211,0.653813,0,0,
14,C3_expand_1_50,14,0.034503,0.000000,0.000000,0.425351,0.676269,0,0,
15,C3_expand_1_50,15,0.034807,0.000000,0.000000,0.351486,0.694179,0,0,
16,C3_expand_1_50,16,0.035171,0.000000,0.000000,0.287517,0.721170,0,0,
17,C3_expand_1_50,17,0.034261,0.000000,0.000000,0.235528,0.728057,0,0,
18,C3_expand_1_50,18,0.034123,0.000000,0.000000,0.184543,0.743667,0,0,
19,C3_expand_1_50,19,0.032055,0.000000,0.000000,0.135020,0.768427,0,0,
20,C3_expand_1_50,20,0.029261,0.000000,0.000000,0.122785,0.773461,0,0,
21,C3_expand_1_50,21,0.029298,0.000000,0.000000,0.123282,0.779317,0,0,
22,C3_expand_1_50,22,0.029482,0.000000,0.000000,0.123620,0.795311,0,0,
23,C3_expand_1_50,23,0.028342,0.000000,0.000000,0.141307,0.787121,0,0,
24,C3_expand_1_50,24,0.029307,0.000000,0.000000,0.145093,0.803896,0,0,
25,C3_expand_1_50,25,0.027598,0.000000,0.000000,0.126423,0.805325,0,0,
26,C3_expand_1_50,26,0.028286,0.000000,0.000000,0.100522,0.801185,0,0,
27,C3_expand_1_50,27,0.028445,0.000000,0.000000,0.079369,0.804982,0,0,
28,C3_expand_1_50,28,0.027096,0.000000,0.000000,0.051914,0.811769,0,0,
29,C3_expand_1_50,29,0.027212,0.000000,0.000000,0.048417,0.807509,0,0,
30,C3_expand_1_50,30,0.025936,0.000000,0.000000,0.048967,0.821623,0,0,
31,C3_expand_1_50,31,0.026080,0.000000,0.000000,0.057659,0.817298,0,0,
32,C3_expand_1_50,32,0.028081,0.000000,0.000000,0.053344,0.795830,0,0,
33,C3_expand_1_50,33,0.027541,0.000000,0.000000,0.041795,0.827307,0,0,
34,C3_expand_1_50,34,0.023513,0.000000,0.000000,0.053996,0.833001,0,0,
35,C3_expand_1_50,35,0.024722,0.000000,0.000000,0.051382,0.816936,0,0,
36,C3_expand_1_50,36,0.023789,0.000000,0.000000,0.052853,0.838691,0,0,
37,C3_expand_1_50,37,0.022586,0.000000,0.000000,0.091168,0.839276,0,0,
38,C3_expand_1_50,38,0.024660,0.000000,0.000000,0.115533,0.837430,0,0,
39,C3_expand_1_50,39,0.023944,0.000000,0.000000,0.087301,0.835601,0,0,
40,C3_expand_1_50,40,0.024610,0.000000,0.000000,0.079641,0.836554,0,0,
41,C3_expand_1_50,41,0.021347,0.000000,0.000000,0.082259,0.838638,0,0,
42,C3_expand_1_50,42,0.022653,0.000000,0.000000,0.040423,0.839133,0,0,
43,C3_expand_1_50,43,0.021389,0.000000,0.000000,0.044671,0.843681,0,0,
44,C3_expand_1_50,44,0.022118,0.000000,0.000000,0.063368,0.847438,0,0,
45,C3_expand_1_50,45,0.022659,0.000000,0.000000,0.078792,0.842502,0,0,
46,C3_expand_1_50,46,0.020967,0.000000,0.000000,0.062828,0.852679,0,0,
47,C3_expand_1_50,47,0.020673,0.000000,0.000000,0.080266,0.849714,0,0,
48,C3_expand_1_50,48,0.019448,0.000000,0.000000,0.070890,0.850316,0,0,
49,C3_expand_1_50,49,0.021233,0.000000,0.000000,0.063653,0.833487,0,0,
50,C3_expand_1_50,50,0.021503,0.000000,0.000000,0.057572,0.850059,0,1,max_stage_epochs
51,C3_easy_51_150,1,0.014866,0.309197,0.000000,,0.858389,0,0,
52,C3_easy_51_150,2,0.014579,0.297186,0.000000,,0.860997,0,0,
53,C3_easy_51_150,3,0.014297,0.282232,0.000000,,0.863727,0,0,
54,C3_easy_51_150,4,0.014328,0.274715,0.000000,,0.863851,0,0,
55,C3_easy_51_150,5,0.014021,0.262762,0.000000,,0.865350,0,0,
56,C3_easy_51_150,6,0.013957,0.252798,0.000000,,0.860031,0,0,
57,C3_easy_51_150,7,0.014305,0.244483,0.000000,,0.869353,0,0,
58,C3_easy_51_150,8,0.014331,0.235740,0.000000,,0.870567,0,0,
59,C3_easy_51_150,9,0.013900,0.228585,0.000000,,0.869184,0,0,
60,C3_easy_51_150,10,0.013617,0.220372,0.000000,,0.874203,0,0,
61,C3_easy_51_150,11,0.014485,0.215455,0.000000,,0.869590,0,0,
62,C3_easy_51_150,12,0.014030,0.213955,0.000000,,0.872167,0,0,
63,C3_easy_51_150,13,0.013435,0.209244,0.000000,,0.870877,0,0,
64,C3_easy_51_150,14,0.012964,0.199475,0.000000,,0.879455,0,0,
65,C3_easy_51_150,15,0.012373,0.191626,0.000000,,0.881353,0,0,
66,C3_easy_51_150,16,0.013166,0.189825,0.000000,,0.877660,0,0,
67,C3_easy_51_150,17,0.012959,0.184169,0.000000,,0.882993,0,0,
68,C3_easy_51_150,18,0.013536,0.184496,0.000000,,0.880166,0,0,
69,C3_easy_51_150,19,0.012699,0.178526,0.000000,,0.884107,0,0,
70,C3_easy_51_150,20,0.012288,0.171422,0.000000,,0.881780,0,0,
71,C3_easy_51_150,21,0.012483,0.169026,0.000000,,0.884676,0,0,
72,C3_easy_51_150,22,0.012679,0.168811,0.000000,,0.883272,0,0,
73,C3_easy_51_150,23,0.011730,0.161534,0.000000,,0.888465,0,0,
74,C3_easy_51_150,24,0.011635,0.159365,0.000000,,0.885889,0,0,
75,C3_easy_51_150,25,0.011766,0.157476,0.000000,,0.884809,0,0,
76,C3_easy_51_150,26,0.012041,0.157190,0.000000,,0.887270,0,0,
77,C3_easy_51_150,27,0.011195,0.151327,0.000000,,0.883611,0,0,
78,C3_easy_51_150,28,0.011654,0.148897,0.000000,,0.885880,0,0,
79,C3_easy_51_150,29,0.011328,0.146006,0.000000,,0.890040,0,0,
80,C3_easy_51_150,30,0.011124,0.144310,0.000000,,0.891436,0,0,
81,C3_easy_51_150,31,0.012333,0.150498,0.000000,,0.894580,0,0,
82,C3_easy_51_150,32,0.011067,0.144307,0.000000,,0.893260,0,0,
83,C3_easy_51_150,33,0.011254,0.142438,0.000000,,0.893472,0,0,
84,C3_easy_51_150,34,0.011525,0.138870,0.000000,,0.897057,0,0,
85,C3_easy_51_150,35,0.010966,0.133335,0.000000,,0.894037,0,0,
86,C3_easy_51_150,36,0.010813,0.129934,0.000000,,0.897828,0,0,
87,C3_easy_51_150,37,0.010892,0.127898,0.000000,,0.898174,0,0,
88,C3_easy_51_150,38,0.011375,0.129223,0.000000,,0.893465,0,0,
89,C3_easy_51_150,39,0.010929,0.125175,0.000000,,0.898213,0,0,
90,C3_easy_51_150,40,0.011173,0.124951,0.000000,,0.897454,0,0,
91,C3_easy_51_150,41,0.011184,0.123621,0.000000,,0.893169,0,0,
92,C3_easy_51_150,42,0.011602,0.125316,0.000000,,0.897784,0,0,
93,C3_easy_51_150,43,0.010861,0.121883,0.000000,,0.899053,0,0,
94,C3_easy_51_150,44,0.010384,0.119858,0.000000,,0.900532,0,0,
95,C3_easy_51_150,45,0.010238,0.116727,0.000000,,0.901068,0,0,
96,C3_easy_51_150,46,0.010652,0.117300,0.000000,,0.901737,0,0,
97,C3_easy_51_150,47,0.010642,0.116496,0.000000,,0.903979,0,0,
98,C3_easy_51_150,48,0.011341,0.119046,0.000000,,0.903635,0,0,
99,C3_easy_51_150,49,0.010298,0.116428,0.000000,,0.904857,0,0,
100,C3_easy_51_150,50,0.010174,0.114564,0.000000,,0.901796,0,0,
101,C3_easy_51_150,51,0.010016,0.112692,0.000000,,0.905441,0,0,
102,C3_easy_51_150,52,0.009989,0.110295,0.000000,,0.906982,0,0,
103,C3_easy_51_150,53,0.010684,0.111209,0.000000,,0.905762,0,0,
104,C3_easy_51_150,54,0.010254,0.109575,0.000000,,0.904677,0,0,
105,C3_easy_51_150,55,0.010053,0.108846,0.000000,,0.904599,0,0,
106,C3_easy_51_150,56,0.010027,0.107302,0.000000,,0.908239,0,0,
107,C3_easy_51_150,57,0.009836,0.104862,0.000000,,0.908103,0,0,
108,C3_easy_51_150,58,0.009803,0.103436,0.000000,,0.907564,0,0,
109,C3_easy_51_150,59,0.009747,0.101934,0.000000,,0.908796,0,0,
110,C3_easy_51_150,60,0.009649,0.101794,0.000000,,0.911725,0,0,
111,C3_easy_51_150,61,0.009339,0.099956,0.000000,,0.910055,0,0,
112,C3_easy_51_150,62,0.009446,0.100237,0.000000,,0.908890,0,0,
113,C3_easy_51_150,63,0.009419,0.097641,0.000000,,0.907453,0,0,
114,C3_easy_51_150,64,0.010097,0.100600,0.000000,,0.910197,0,0,
115,C3_easy_51_150,65,0.009247,0.096988,0.000000,,0.911279,0,0,
116,C3_easy_51_150,66,0.009565,0.096653,0.000000,,0.909375,0,0,
117,C3_easy_51_150,67,0.009141,0.096331,0.000000,,0.912905,0,0,
118,C3_easy_51_150,68,0.009189,0.094593,0.000000,,0.910512,0,0,
119,C3_easy_51_150,69,0.009946,0.098014,0.000000,,0.907597,0,0,
120,C3_easy_51_150,70,0.009069,0.092976,0.000000,,0.909168,0,0,
121,C3_easy_51_150,71,0.009107,0.093658,0.000000,,0.914679,0,0,
122,C3_easy_51_150,72,0.009229,0.095003,0.000000,,0.916136,0,0,
123,C3_easy_51_150,73,0.008789,0.093381,0.000000,,0.916307,0,0,
124,C3_easy_51_150,74,0.008962,0.093248,0.000000,,0.917015,0,0,
125,C3_easy_51_150,75,0.008930,0.092304,0.000000,,0.917066,0,0,
126,C3_easy_51_150,76,0.008850,0.090965,0.000000,,0.917718,0,0,
127,C3_easy_51_150,77,0.009039,0.091427,0.000000,,0.918411,0,0,
128,C3_easy_51_150,78,0.008512,0.090821,0.000000,,0.918909,0,0,
129,C3_easy_51_150,79,0.008679,0.090898,0.000000,,0.917746,0,0,
130,C3_easy_51_150,80,0.008543,0.089140,0.000000,,0.917830,0,0,
131,C3_easy_51_150,81,0.009167,0.091662,0.000000,,0.918350,0,0,
132,C3_easy_51_150,82,0.008624,0.089147,0.000000,,0.918240,0,0,
133,C3_easy_51_150,83,0.009396,0.091491,0.000000,,0.919894,0,0,
134,C3_easy_51_150,84,0.009137,0.090500,0.000000,,0.919055,0,0,
135,C3_easy_51_150,85,0.008728,0.089010,0.000000,,0.919313,0,0,
136,C3_easy_51_150,86,0.008566,0.088687,0.000000,,0.919046,0,0,
137,C3_easy_51_150,87,0.008450,0.087410,0.000000,,0.919511,0,0,
138,C3_easy_51_150,88,0.008424,0.085941,0.000000,,0.920141,0,0,
139,C3_easy_51_150,89,0.008440,0.085850,0.000000,,0.920183,0,0,
140,C3_easy_51_150,90,0.008465,0.087279,0.000000,,0.920395,0,0,
141,C3_easy_51_150,91,0.008696,0.087482,0.000000,,0.920143,0,0,
142,C3_easy_51_150,92,0.008271,0.085882,0.000000,,0.920532,0,0,
143,C3_easy_51_150,93,0.008620,0.087412,0.000000,,0.919934,0,0,
144,C3_easy_51_150,94,0.008381,0.085916,0.000000,,0.920824,0,0,
145,C3_easy_51_150,95,0.008281,0.084917,0.000000,,0.920798,0,0,
146,C3_easy_51_150,96,0.008992,0.087535,0.000000,,0.920783,0,0,
147,C3_easy_51_150,97,0.008520,0.085187,0.000000,,0.920786,0,0,
148,C3_easy_51_150,98,0.008420,0.085388,0.000000,,0.920636,0,0,
149,C3_easy_51_150,99,0.008431,0.085130,0.000000,,0.920631,0,0,
150,C3_easy_51_150,100,0.008308,0.084371,0.000000,,0.920995,0,0,
