epoch,stage,total,bce,nc,q,anchor,consistency,consistency_weight,csr_alpha,csr_gate,p3_residual_ratio,p4_residual_ratio,pixel_reliability,q_max,q_min,sample_reliability,scale_loss
1,C3_broad_1to1,0.701943,0.411192,0.290751,2.000000,0.411192,0.000000,0.000000,0.000000,0.000000,0.000000,0.000000,0.978126,2.000000,2.000000,0.500000,0.000000
2,C3_broad_1to1,0.422865,0.241924,0.180941,2.000000,0.241924,0.000000,0.000000,0.000000,0.000000,0.000000,0.000000,0.978124,2.000000,2.000000,0.500000,0.000000
3,C3_broad_1to1,0.277018,0.157005,0.120012,2.000000,0.157005,0.000000,0.000000,0.000000,0.000000,0.000000,0.000000,0.977808,2.000000,2.000000,0.500000,0.000000
4,C3_broad_1to1,0.199178,0.108981,0.090197,2.000000,0.108981,0.000000,0.000000,0.000000,0.000000,0.000000,0.000000,0.978058,2.000000,2.000000,0.500000,0.000000
5,C3_broad_1to1,0.153135,0.080645,0.072490,2.000000,0.080645,0.000000,0.000000,0.000000,0.000000,0.000000,0.000000,0.978175,2.000000,2.000000,0.500000,0.000000
6,C3_broad_1to1,0.125166,0.061725,0.063441,2.000000,0.061725,0.000000,0.000000,0.000000,0.000000,0.000000,0.000000,0.978013,2.000000,2.000000,0.500000,0.000000
7,C3_broad_1to1,0.111442,0.053118,0.058324,2.000000,0.053118,0.000000,0.000000,0.000000,0.000000,0.000000,0.000000,0.977677,2.000000,2.000000,0.500000,0.000000
8,C3_broad_1to1,0.097891,0.044163,0.053728,2.000000,0.044163,0.000000,0.000000,0.000000,0.000000,0.000000,0.000000,0.978120,2.000000,2.000000,0.500000,0.000000
9,C3_broad_1to1,0.088770,0.038542,0.050228,2.000000,0.038542,0.000000,0.000000,0.000000,0.000000,0.000000,0.000000,0.977928,2.000000,2.000000,0.500000,0.000000
10,C3_broad_1to1,0.082381,0.033906,0.048475,2.000000,0.033906,0.000000,0.000000,0.000000,0.000000,0.000000,0.000000,0.977882,2.000000,2.000000,0.500000,0.000000
11,C3_broad_1to1,0.076376,0.030699,0.045676,2.000000,0.030699,0.000000,0.000000,0.000000,0.000000,0.000000,0.000000,0.977552,2.000000,2.000000,0.500000,0.000000
12,C3_broad_1to1,0.071041,0.027367,0.043675,2.000000,0.027367,0.000000,0.000000,0.000000,0.000000,0.000000,0.000000,0.978133,2.000000,2.000000,0.500000,0.000000
13,C3_broad_1to1,0.076813,0.029503,0.047310,2.000000,0.029503,0.000000,0.000000,0.000000,0.000000,0.000000,0.000000,0.978030,2.000000,2.000000,0.500000,0.000000
14,C3_broad_1to1,0.068567,0.025824,0.042743,2.000000,0.025824,0.000000,0.000000,0.000000,0.000000,0.000000,0.000000,0.977843,2.000000,2.000000,0.500000,0.000000
15,C3_broad_1to1,0.060583,0.021565,0.039018,2.000000,0.021565,0.000000,0.000000,0.000000,0.000000,0.000000,0.000000,0.978402,2.000000,2.000000,0.500000,0.000000
16,C3_broad_1to1,0.060984,0.021607,0.039376,2.000000,0.021607,0.000000,0.000000,0.000000,0.000000,0.000000,0.000000,0.978155,2.000000,2.000000,0.500000,0.000000
17,C3_broad_1to1,0.060318,0.020785,0.039533,2.000000,0.020785,0.000000,0.000000,0.000000,0.000000,0.000000,0.000000,0.977918,2.000000,2.000000,0.500000,0.000000
18,C3_broad_1to1,0.055948,0.019391,0.036557,2.000000,0.019391,0.000000,0.000000,0.000000,0.000000,0.000000,0.000000,0.978339,2.000000,2.000000,0.500000,0.000000
19,C3_broad_1to1,0.054935,0.018493,0.036442,2.000000,0.018493,0.000000,0.000000,0.000000,0.000000,0.000000,0.000000,0.978349,2.000000,2.000000,0.500000,0.000000
20,C3_broad_1to1,0.054397,0.018125,0.036272,2.000000,0.018125,0.000000,0.000000,0.000000,0.000000,0.000000,0.000000,0.978272,2.000000,2.000000,0.500000,0.000000
21,C3_broad_1to1,0.053387,0.018009,0.035378,2.000000,0.018009,0.000000,0.000000,0.000000,0.000000,0.000000,0.000000,0.978026,2.000000,2.000000,0.500000,0.000000
22,C3_broad_1to1,0.050573,0.016696,0.033877,2.000000,0.016696,0.000000,0.000000,0.000000,0.000000,0.000000,0.000000,0.977782,2.000000,2.000000,0.500000,0.000000
23,C3_broad_1to1,0.051731,0.017227,0.034504,1.999986,0.017227,0.000000,0.000000,0.000000,0.000000,0.000000,0.000000,0.978152,1.999986,1.999986,0.500000,0.000000
24,C3_broad_1to1,0.048235,0.015730,0.032505,1.999630,0.015730,0.000000,0.000000,0.000000,0.000000,0.000000,0.000000,0.978194,1.999630,1.999630,0.500000,0.000000
25,C3_broad_1to1,0.048302,0.015904,0.032398,1.998603,0.015904,0.000000,0.000000,0.000000,0.000000,0.000000,0.000000,0.978199,1.998603,1.998603,0.500000,0.000000
26,C3_broad_1to1,0.053833,0.018016,0.035816,1.996896,0.018016,0.000000,0.000000,0.000000,0.000000,0.000000,0.000000,0.978566,1.996896,1.996896,0.500000,0.000000
27,C3_broad_1to1,0.047171,0.015331,0.031840,1.994512,0.015331,0.000000,0.000000,0.000000,0.000000,0.000000,0.000000,0.978080,1.994512,1.994512,0.500000,0.000000
28,C3_broad_1to1,0.044553,0.014336,0.030217,1.991457,0.014336,0.000000,0.000000,0.000000,0.000000,0.000000,0.000000,0.978407,1.991457,1.991457,0.500000,0.000000
29,C3_broad_1to1,0.046770,0.014953,0.031817,1.987741,0.014953,0.000000,0.000000,0.000000,0.000000,0.000000,0.000000,0.978188,1.987741,1.987741,0.500000,0.000000
30,C3_broad_1to1,0.048298,0.015785,0.032513,1.983373,0.015785,0.000000,0.000000,0.000000,0.000000,0.000000,0.000000,0.978068,1.983373,1.983373,0.500000,0.000000
31,C3_broad_1to1,0.045213,0.014519,0.030694,1.978366,0.014519,0.000000,0.000000,0.000000,0.000000,0.000000,0.000000,0.978209,1.978366,1.978366,0.500000,0.000000
32,C3_broad_1to1,0.043670,0.013890,0.029779,1.972732,0.013890,0.000000,0.000000,0.000000,0.000000,0.000000,0.000000,0.978133,1.972732,1.972732,0.500000,0.000000
33,C3_broad_1to1,0.042229,0.013130,0.029100,1.966488,0.013130,0.000000,0.000000,0.000000,0.000000,0.000000,0.000000,0.978144,1.966488,1.966488,0.500000,0.000000
34,C3_broad_1to1,0.041698,0.012994,0.028704,1.959651,0.012994,0.000000,0.000000,0.000000,0.000000,0.000000,0.000000,0.978394,1.959651,1.959651,0.500000,0.000000
35,C3_broad_1to1,0.042004,0.013381,0.028624,1.952239,0.013381,0.000000,0.000000,0.000000,0.000000,0.000000,0.000000,0.978029,1.952239,1.952239,0.500000,0.000000
36,C3_broad_1to1,0.043651,0.013690,0.029961,1.944272,0.013690,0.000000,0.000000,0.000000,0.000000,0.000000,0.000000,0.978009,1.944272,1.944272,0.500000,0.000000
37,C3_broad_1to1,0.044520,0.013818,0.030702,1.935774,0.013818,0.000000,0.000000,0.000000,0.000000,0.000000,0.000000,0.978464,1.935774,1.935774,0.500000,0.000000
38,C3_broad_1to1,0.040296,0.012327,0.027969,1.926766,0.012327,0.000000,0.000000,0.000000,0.000000,0.000000,0.000000,0.978023,1.926766,1.926766,0.500000,0.000000
39,C3_broad_1to1,0.040748,0.012338,0.028410,1.917273,0.012338,0.000000,0.000000,0.000000,0.000000,0.000000,0.000000,0.977990,1.917273,1.917273,0.500000,0.000000
40,C3_broad_1to1,0.040778,0.012105,0.028674,1.907322,0.012105,0.000000,0.000000,0.000000,0.000000,0.000000,0.000000,0.978174,1.907322,1.907322,0.500000,0.000000
41,C3_broad_1to1,0.038645,0.011229,0.027416,1.896940,0.011229,0.000000,0.000000,0.000000,0.000000,0.000000,0.000000,0.978043,1.896940,1.896940,0.500000,0.000000
42,C3_broad_1to1,0.039168,0.011010,0.028158,1.886155,0.011010,0.000000,0.000000,0.000000,0.000000,0.000000,0.000000,0.978168,1.886155,1.886155,0.500000,0.000000
43,C3_broad_1to1,0.040018,0.011485,0.028533,1.874997,0.011485,0.000000,0.000000,0.000000,0.000000,0.000000,0.000000,0.978024,1.874997,1.874997,0.500000,0.000000
44,C3_broad_1to1,0.039254,0.011209,0.028045,1.863496,0.011209,0.000000,0.000000,0.000000,0.000000,0.000000,0.000000,0.977636,1.863496,1.863496,0.500000,0.000000
45,C3_broad_1to1,0.038994,0.010811,0.028183,1.851684,0.010811,0.000000,0.000000,0.000000,0.000000,0.000000,0.000000,0.978277,1.851684,1.851684,0.500000,0.000000
46,C3_broad_1to1,0.039427,0.010815,0.028612,1.839594,0.010815,0.000000,0.000000,0.000000,0.000000,0.000000,0.000000,0.978450,1.839594,1.839594,0.500000,0.000000
47,C3_broad_1to1,0.037750,0.010013,0.027737,1.827258,0.010013,0.000000,0.000000,0.000000,0.000000,0.000000,0.000000,0.978272,1.827258,1.827258,0.500000,0.000000
48,C3_broad_1to1,0.039722,0.010583,0.029138,1.814710,0.010583,0.000000,0.000000,0.000000,0.000000,0.000000,0.000000,0.978172,1.814710,1.814710,0.500000,0.000000
49,C3_broad_1to1,0.042734,0.012377,0.030357,1.801985,0.012377,0.000000,0.000000,0.000000,0.000000,0.000000,0.000000,0.978026,1.801985,1.801985,0.500000,0.000000
50,C3_broad_1to1,0.039219,0.010482,0.028737,1.789117,0.010482,0.000000,0.000000,0.000000,0.000000,0.000000,0.000000,0.977988,1.789117,1.789117,0.500000,0.000000
51,C3_broad_1to1,0.039345,0.010173,0.029172,1.776142,0.010173,0.000000,0.000000,0.000000,0.000000,0.000000,0.000000,0.978534,1.776142,1.776142,0.500000,0.000000
52,C3_broad_1to1,0.038385,0.009985,0.028399,1.763095,0.009985,0.000000,0.000000,0.000000,0.000000,0.000000,0.000000,0.978037,1.763095,1.763095,0.500000,0.000000
53,C3_broad_1to1,0.041031,0.011777,0.029255,1.750013,0.011777,0.000000,0.000000,0.000000,0.000000,0.000000,0.000000,0.977650,1.750013,1.750013,0.500000,0.000000
54,C3_broad_1to1,0.038117,0.009942,0.028174,1.736930,0.009942,0.000000,0.000000,0.000000,0.000000,0.000000,0.000000,0.977876,1.736930,1.736930,0.500000,0.000000
55,C3_broad_1to1,0.038531,0.009679,0.028852,1.723884,0.009679,0.000000,0.000000,0.000000,0.000000,0.000000,0.000000,0.977962,1.723884,1.723884,0.500000,0.000000
56,C3_broad_1to1,0.038741,0.009104,0.029637,1.710909,0.009104,0.000000,0.000000,0.000000,0.000000,0.000000,0.000000,0.978763,1.710909,1.710909,0.500000,0.000000
57,C3_broad_1to1,0.041452,0.010112,0.031340,1.698041,0.010112,0.000000,0.000000,0.000000,0.000000,0.000000,0.000000,0.978093,1.698041,1.698041,0.500000,0.000000
58,C3_broad_1to1,0.040385,0.010408,0.029977,1.685315,0.010408,0.000000,0.000000,0.000000,0.000000,0.000000,0.000000,0.977763,1.685315,1.685315,0.500000,0.000000
59,C3_broad_1to1,0.039278,0.009689,0.029588,1.672767,0.009689,0.000000,0.000000,0.000000,0.000000,0.000000,0.000000,0.977631,1.672767,1.672767,0.500000,0.000000
60,C3_broad_1to1,0.042373,0.009928,0.032444,1.660430,0.009928,0.000000,0.000000,0.000000,0.000000,0.000000,0.000000,0.978075,1.660430,1.660430,0.500000,0.000000
61,C3_anneal,0.041926,0.009965,0.031960,1.648339,0.009965,0.000000,0.000000,0.000000,0.000000,0.000000,0.000000,0.977923,1.648339,1.648339,0.500000,0.000000
62,C3_anneal,0.041071,0.009738,0.031333,1.636527,0.009738,0.000000,0.000000,0.000000,0.000000,0.000000,0.000000,0.977816,1.636527,1.636527,0.500000,0.000000
63,C3_anneal,0.040229,0.008947,0.031282,1.625026,0.008947,0.000000,0.000000,0.000000,0.000000,0.000000,0.000000,0.978420,1.625026,1.625026,0.500000,0.000000
64,C3_anneal,0.039005,0.008506,0.030498,1.613867,0.008506,0.000000,0.000000,0.000000,0.000000,0.000000,0.000000,0.978225,1.613867,1.613867,0.500000,0.000000
65,C3_anneal,0.039159,0.008847,0.030312,1.603081,0.008847,0.000000,0.000000,0.000000,0.000000,0.000000,0.000000,0.977955,1.603081,1.603081,0.500000,0.000000
66,C3_anneal,0.039740,0.008925,0.030815,1.592698,0.008925,0.000000,0.000000,0.000000,0.000000,0.000000,0.000000,0.978105,1.592698,1.592698,0.500000,0.000000
67,C3_anneal,0.038982,0.008401,0.030581,1.582746,0.008401,0.000000,0.000000,0.000000,0.000000,0.000000,0.000000,0.977994,1.582746,1.582746,0.500000,0.000000
68,C3_anneal,0.039175,0.008504,0.030671,1.573243,0.008504,0.000000,0.000000,0.000000,0.000000,0.000000,0.000000,0.977899,1.573243,1.573243,0.500000,0.000000
69,C3_anneal,0.041081,0.009236,0.031846,1.564002,0.009236,0.000000,0.000000,0.000000,0.000000,0.000000,0.000000,0.977905,1.564002,1.564002,0.500000,0.000000
70,C3_anneal,0.040705,0.008592,0.032113,1.554832,0.008592,0.000000,0.000000,0.000000,0.000000,0.000000,0.000000,0.978083,1.554832,1.554832,0.500000,0.000000
71,C3_anneal,0.039014,0.008367,0.030648,1.545751,0.008367,0.000000,0.000000,0.000000,0.000000,0.000000,0.000000,0.977753,1.545751,1.545751,0.500000,0.000000
72,C3_anneal,0.040116,0.008405,0.031711,1.536783,0.008405,0.000000,0.000000,0.000000,0.000000,0.000000,0.000000,0.978083,1.536783,1.536783,0.500000,0.000000
73,C3_anneal,0.039921,0.008117,0.031804,1.527956,0.008117,0.000000,0.000000,0.000000,0.000000,0.000000,0.000000,0.978237,1.527956,1.527956,0.500000,0.000000
74,C3_anneal,0.039928,0.008312,0.031616,1.519294,0.008312,0.000000,0.000000,0.000000,0.000000,0.000000,0.000000,0.978137,1.519294,1.519294,0.500000,0.000000
75,C3_anneal,0.041341,0.008124,0.033217,1.510824,0.008124,0.000000,0.000000,0.000000,0.000000,0.000000,0.000000,0.978376,1.510824,1.510824,0.500000,0.000000
76,C3_anneal,0.040872,0.008160,0.032712,1.502571,0.008160,0.000000,0.000000,0.000000,0.000000,0.000000,0.000000,0.978255,1.502571,1.502571,0.500000,0.000000
77,C3_anneal,0.038696,0.007946,0.030749,1.494561,0.007946,0.000000,0.000000,0.000000,0.000000,0.000000,0.000000,0.977787,1.494561,1.494561,0.500000,0.000000
78,C3_anneal,0.040449,0.007626,0.032823,1.486818,0.007626,0.000000,0.000000,0.000000,0.000000,0.000000,0.000000,0.978586,1.486818,1.486818,0.500000,0.000000
79,C3_anneal,0.040791,0.007987,0.032805,1.479367,0.007987,0.000000,0.000000,0.000000,0.000000,0.000000,0.000000,0.977941,1.479367,1.479367,0.500000,0.000000
80,C3_anneal,0.039307,0.007647,0.031661,1.472233,0.007647,0.000000,0.000000,0.000000,0.000000,0.000000,0.000000,0.978057,1.472233,1.472233,0.500000,0.000000
81,C3_anneal,0.042383,0.008616,0.033766,1.465438,0.008616,0.000000,0.000000,0.000000,0.000000,0.000000,0.000000,0.977932,1.465438,1.465438,0.500000,0.000000
82,C3_anneal,0.040749,0.007890,0.032860,1.459006,0.007890,0.000000,0.000000,0.000000,0.000000,0.000000,0.000000,0.977825,1.459006,1.459006,0.500000,0.000000
83,C3_anneal,0.039162,0.007357,0.031805,1.452945,0.007357,0.000000,0.000000,0.000000,0.000000,0.000000,0.000000,0.978336,1.452945,1.452945,0.500000,0.000000
84,C3_anneal,0.040443,0.007683,0.032760,1.446947,0.007683,0.000000,0.000000,0.000000,0.000000,0.000000,0.000000,0.978192,1.446947,1.446947,0.500000,0.000000
85,C3_anneal,0.039878,0.007790,0.032088,1.440707,0.007790,0.000000,0.000000,0.000000,0.000000,0.000000,0.000000,0.977859,1.440707,1.440707,0.500000,0.000000
86,C3_anneal,0.040305,0.007801,0.032504,1.434231,0.007801,0.000000,0.000000,0.000000,0.000000,0.000000,0.000000,0.977948,1.434231,1.434231,0.500000,0.000000
87,C3_anneal,0.040536,0.007831,0.032704,1.427544,0.007831,0.000000,0.000000,0.000000,0.000000,0.000000,0.000000,0.978128,1.427544,1.427544,0.500000,0.000000
88,C3_anneal,0.040821,0.007876,0.032945,1.420668,0.007876,0.000000,0.000000,0.000000,0.000000,0.000000,0.000000,0.978049,1.420668,1.420668,0.500000,0.000000
89,C3_anneal,0.040613,0.007920,0.032693,1.413628,0.007920,0.000000,0.000000,0.000000,0.000000,0.000000,0.000000,0.977547,1.413628,1.413628,0.500000,0.000000
90,C3_anneal,0.038958,0.007125,0.031833,1.406451,0.007125,0.000000,0.000000,0.000000,0.000000,0.000000,0.000000,0.978234,1.406451,1.406451,0.500000,0.000000
91,C3_anneal,0.039828,0.007112,0.032716,1.399161,0.007112,0.000000,0.000000,0.000000,0.000000,0.000000,0.000000,0.978693,1.399161,1.399161,0.500000,0.000000
92,C3_anneal,0.039182,0.007160,0.032022,1.391784,0.007160,0.000000,0.000000,0.000000,0.000000,0.000000,0.000000,0.978058,1.391784,1.391784,0.500000,0.000000
93,C3_anneal,0.042718,0.008012,0.034706,1.384347,0.008012,0.000000,0.000000,0.000000,0.000000,0.000000,0.000000,0.977921,1.384347,1.384347,0.500000,0.000000
94,C3_anneal,0.039773,0.007444,0.032328,1.376877,0.007444,0.000000,0.000000,0.000000,0.000000,0.000000,0.000000,0.978258,1.376877,1.376877,0.500000,0.000000
95,C3_anneal,0.040261,0.007428,0.032833,1.369400,0.007428,0.000000,0.000000,0.000000,0.000000,0.000000,0.000000,0.977919,1.369400,1.369400,0.500000,0.000000
96,C3_anneal,0.039216,0.007168,0.032048,1.361943,0.007168,0.000000,0.000000,0.000000,0.000000,0.000000,0.000000,0.977688,1.361943,1.361943,0.500000,0.000000
97,C3_anneal,0.043738,0.008011,0.035727,1.354533,0.008011,0.000000,0.000000,0.000000,0.000000,0.000000,0.000000,0.978008,1.354533,1.354533,0.500000,0.000000
98,C3_anneal,0.041974,0.007151,0.034823,1.347196,0.007151,0.000000,0.000000,0.000000,0.000000,0.000000,0.000000,0.978451,1.347196,1.347196,0.500000,0.000000
99,C3_anneal,0.039664,0.006895,0.032770,1.339959,0.006895,0.000000,0.000000,0.000000,0.000000,0.000000,0.000000,0.978272,1.339959,1.339959,0.500000,0.000000
100,C3_anneal,0.039842,0.007163,0.032679,1.332847,0.007163,0.000000,0.000000,0.000000,0.000000,0.000000,0.000000,0.977958,1.332847,1.332847,0.500000,0.000000
101,C3_anneal,0.039151,0.006841,0.032310,1.325886,0.006841,0.000000,0.000000,0.000000,0.000000,0.000000,0.000000,0.978037,1.325886,1.325886,0.500000,0.000000
102,C3_anneal,0.040903,0.007306,0.033598,1.319101,0.007306,0.000000,0.000000,0.000000,0.000000,0.000000,0.000000,0.978351,1.319101,1.319101,0.500000,0.000000
103,C3_anneal,0.039888,0.006996,0.032892,1.312516,0.006996,0.000000,0.000000,0.000000,0.000000,0.000000,0.000000,0.977942,1.312516,1.312516,0.500000,0.000000
104,C3_anneal,0.040564,0.007246,0.033318,1.306154,0.007246,0.000000,0.000000,0.000000,0.000000,0.000000,0.000000,0.977992,1.306154,1.306154,0.500000,0.000000
105,C3_anneal,0.040293,0.006875,0.033418,1.300039,0.006875,0.000000,0.000000,0.000000,0.000000,0.000000,0.000000,0.978288,1.300039,1.300039,0.500000,0.000000
106,C3_anneal,0.043000,0.008551,0.034449,1.294193,0.008551,0.000000,0.000000,0.000000,0.000000,0.000000,0.000000,0.978179,1.294193,1.294193,0.500000,0.000000
107,C3_anneal,0.050953,0.010644,0.040309,1.288635,0.010644,0.000000,0.000000,0.000000,0.000000,0.000000,0.000000,0.978039,1.288635,1.288635,0.500000,0.000000
108,C3_anneal,0.040159,0.007009,0.033151,1.283387,0.007009,0.000000,0.000000,0.000000,0.000000,0.000000,0.000000,0.978115,1.283387,1.283387,0.500000,0.000000
109,C3_anneal,0.039965,0.006335,0.033629,1.278467,0.006335,0.000000,0.000000,0.000000,0.000000,0.000000,0.000000,0.978603,1.278467,1.278467,0.500000,0.000000
110,C3_anneal,0.039291,0.006469,0.032822,1.273892,0.006469,0.000000,0.000000,0.000000,0.000000,0.000000,0.000000,0.978323,1.273892,1.273892,0.500000,0.000000
111,C3_anneal,0.039142,0.006548,0.032594,1.269680,0.006548,0.000000,0.000000,0.000000,0.000000,0.000000,0.000000,0.978577,1.269680,1.269680,0.500000,0.000000
112,C3_anneal,0.039017,0.006561,0.032457,1.265844,0.006561,0.000000,0.000000,0.000000,0.000000,0.000000,0.000000,0.978193,1.265844,1.265844,0.500000,0.000000
113,C3_anneal,0.040398,0.007154,0.033244,1.262399,0.007154,0.000000,0.000000,0.000000,0.000000,0.000000,0.000000,0.978011,1.262399,1.262399,0.500000,0.000000
114,C3_anneal,0.040232,0.006821,0.033411,1.259357,0.006821,0.000000,0.000000,0.000000,0.000000,0.000000,0.000000,0.978246,1.259357,1.259357,0.500000,0.000000
115,C3_anneal,0.038888,0.006184,0.032704,1.256729,0.006184,0.000000,0.000000,0.000000,0.000000,0.000000,0.000000,0.978302,1.256729,1.256729,0.500000,0.000000
116,C3_anneal,0.038304,0.006396,0.031908,1.254525,0.006396,0.000000,0.000000,0.000000,0.000000,0.000000,0.000000,0.978389,1.254525,1.254525,0.500000,0.000000
117,C3_anneal,0.037741,0.006160,0.031581,1.252751,0.006160,0.000000,0.000000,0.000000,0.000000,0.000000,0.000000,0.978373,1.252751,1.252751,0.500000,0.000000
118,C3_anneal,0.037614,0.006406,0.031208,1.251416,0.006406,0.000000,0.000000,0.000000,0.000000,0.000000,0.000000,0.978031,1.251416,1.251416,0.500000,0.000000
119,C3_anneal,0.038207,0.006472,0.031735,1.250522,0.006472,0.000000,0.000000,0.000000,0.000000,0.000000,0.000000,0.978203,1.250522,1.250522,0.500000,0.000000
120,C3_anneal,0.037812,0.006383,0.031429,1.250075,0.006383,0.000000,0.000000,0.000000,0.000000,0.000000,0.000000,0.978561,1.250075,1.250075,0.500000,0.000000
121,C3_anneal,0.035815,0.005960,0.029856,1.250000,0.005960,0.000000,0.000000,0.000000,0.000000,0.000000,0.000000,0.978364,1.250000,1.250000,0.500000,0.000000
122,C3_anneal,0.035373,0.005777,0.029595,1.250000,0.005777,0.000000,0.000000,0.000000,0.000000,0.000000,0.000000,0.978595,1.250000,1.250000,0.500000,0.000000
123,C3_anneal,0.034686,0.005521,0.029165,1.250000,0.005521,0.000000,0.000000,0.000000,0.000000,0.000000,0.000000,0.978739,1.250000,1.250000,0.500000,0.000000
124,C3_anneal,0.034666,0.005617,0.029049,1.250000,0.005617,0.000000,0.000000,0.000000,0.000000,0.000000,0.000000,0.978654,1.250000,1.250000,0.500000,0.000000
125,C3_anneal,0.034233,0.005657,0.028576,1.250000,0.005657,0.000000,0.000000,0.000000,0.000000,0.000000,0.000000,0.978588,1.250000,1.250000,0.500000,0.000000
126,C3_anneal,0.034512,0.005424,0.029088,1.250000,0.005424,0.000000,0.000000,0.000000,0.000000,0.000000,0.000000,0.978725,1.250000,1.250000,0.500000,0.000000
127,C3_anneal,0.034204,0.005608,0.028596,1.250000,0.005608,0.000000,0.000000,0.000000,0.000000,0.000000,0.000000,0.978391,1.250000,1.250000,0.500000,0.000000
128,C3_anneal,0.034207,0.005646,0.028561,1.250000,0.005646,0.000000,0.000000,0.000000,0.000000,0.000000,0.000000,0.978272,1.250000,1.250000,0.500000,0.000000
129,C3_anneal,0.033128,0.005621,0.027507,1.250000,0.005621,0.000000,0.000000,0.000000,0.000000,0.000000,0.000000,0.978255,1.250000,1.250000,0.500000,0.000000
130,C3_anneal,0.033256,0.005400,0.027856,1.250000,0.005400,0.000000,0.000000,0.000000,0.000000,0.000000,0.000000,0.978250,1.250000,1.250000,0.500000,0.000000
131,C3_anneal,0.034026,0.005724,0.028302,1.250000,0.005724,0.000000,0.000000,0.000000,0.000000,0.000000,0.000000,0.978482,1.250000,1.250000,0.500000,0.000000
132,C3_anneal,0.033587,0.005480,0.028107,1.250000,0.005480,0.000000,0.000000,0.000000,0.000000,0.000000,0.000000,0.978621,1.250000,1.250000,0.500000,0.000000
133,C3_anneal,0.033405,0.005428,0.027977,1.250000,0.005428,0.000000,0.000000,0.000000,0.000000,0.000000,0.000000,0.978459,1.250000,1.250000,0.500000,0.000000
134,C3_anneal,0.033668,0.005777,0.027891,1.250000,0.005777,0.000000,0.000000,0.000000,0.000000,0.000000,0.000000,0.978274,1.250000,1.250000,0.500000,0.000000
135,C3_anneal,0.032156,0.005599,0.026558,1.250000,0.005599,0.000000,0.000000,0.000000,0.000000,0.000000,0.000000,0.978354,1.250000,1.250000,0.500000,0.000000
136,C3_anneal,0.033219,0.005403,0.027816,1.250000,0.005403,0.000000,0.000000,0.000000,0.000000,0.000000,0.000000,0.978554,1.250000,1.250000,0.500000,0.000000
137,C3_anneal,0.033305,0.005227,0.028078,1.250000,0.005227,0.000000,0.000000,0.000000,0.000000,0.000000,0.000000,0.978777,1.250000,1.250000,0.500000,0.000000
138,C3_anneal,0.033072,0.005287,0.027785,1.250000,0.005287,0.000000,0.000000,0.000000,0.000000,0.000000,0.000000,0.978584,1.250000,1.250000,0.500000,0.000000
139,C3_anneal,0.032991,0.005294,0.027696,1.250000,0.005294,0.000000,0.000000,0.000000,0.000000,0.000000,0.000000,0.978699,1.250000,1.250000,0.500000,0.000000
140,C3_anneal,0.032453,0.005243,0.027210,1.250000,0.005243,0.000000,0.000000,0.000000,0.000000,0.000000,0.000000,0.978621,1.250000,1.250000,0.500000,0.000000
141,C3_reliable_0p3,0.033733,0.005401,0.028332,1.250000,0.005401,0.000000,0.000000,0.000000,0.000000,0.000000,0.000000,0.978656,1.250000,1.250000,0.500000,0.000000
142,C3_reliable_0p3,0.031886,0.005083,0.026803,1.250000,0.005083,0.000000,0.000000,0.000000,0.000000,0.000000,0.000000,0.978871,1.250000,1.250000,0.500000,0.000000
143,C3_reliable_0p3,0.032705,0.005400,0.027305,1.250000,0.005400,0.000000,0.000000,0.000000,0.000000,0.000000,0.000000,0.978772,1.250000,1.250000,0.500000,0.000000
144,C3_reliable_0p3,0.032342,0.005227,0.027115,1.250000,0.005227,0.000000,0.000000,0.000000,0.000000,0.000000,0.000000,0.978757,1.250000,1.250000,0.500000,0.000000
145,C3_reliable_0p3,0.031863,0.005243,0.026620,1.250000,0.005243,0.000000,0.000000,0.000000,0.000000,0.000000,0.000000,0.978776,1.250000,1.250000,0.500000,0.000000
146,C3_reliable_0p3,0.032628,0.005465,0.027162,1.250000,0.005465,0.000000,0.000000,0.000000,0.000000,0.000000,0.000000,0.978369,1.250000,1.250000,0.500000,0.000000
147,C3_reliable_0p3,0.031698,0.005310,0.026388,1.250000,0.005310,0.000000,0.000000,0.000000,0.000000,0.000000,0.000000,0.978582,1.250000,1.250000,0.500000,0.000000
148,C3_reliable_0p3,0.032403,0.005233,0.027170,1.250000,0.005233,0.000000,0.000000,0.000000,0.000000,0.000000,0.000000,0.978895,1.250000,1.250000,0.500000,0.000000
149,C3_reliable_0p3,0.032249,0.005201,0.027048,1.250000,0.005201,0.000000,0.000000,0.000000,0.000000,0.000000,0.000000,0.978656,1.250000,1.250000,0.500000,0.000000
150,C3_reliable_0p3,0.032569,0.005138,0.027431,1.250000,0.005138,0.000000,0.000000,0.000000,0.000000,0.000000,0.000000,0.978756,1.250000,1.250000,0.500000,0.000000
