epoch,stage,total,bce,nc,q,csr_alpha,p3_context,p3_current,p3_fine,p4_context,p4_current,p4_fine
1,C3_broad_1to1,0.841421,0.511034,0.330387,2.000000,0.150034,0.340131,0.396074,0.263794,0.452196,0.337828,0.209976
2,C3_broad_1to1,0.572570,0.343475,0.229095,2.000000,0.150239,0.354324,0.397486,0.248190,0.455633,0.336696,0.207671
3,C3_broad_1to1,0.422880,0.254198,0.168682,2.000000,0.150650,0.354020,0.400257,0.245723,0.454233,0.338097,0.207670
4,C3_broad_1to1,0.328180,0.197038,0.131142,2.000000,0.151264,0.346041,0.408841,0.245118,0.454591,0.338937,0.206472
5,C3_broad_1to1,0.276959,0.165676,0.111282,2.000000,0.152080,0.343119,0.413012,0.243868,0.453571,0.338895,0.207534
6,C3_broad_1to1,0.244623,0.144122,0.100501,2.000000,0.153096,0.344188,0.413212,0.242600,0.455966,0.338426,0.205608
7,C3_broad_1to1,0.220971,0.126702,0.094270,2.000000,0.154309,0.343920,0.414233,0.241847,0.454846,0.339197,0.205957
8,C3_broad_1to1,0.203664,0.115238,0.088426,2.000000,0.155715,0.342980,0.415019,0.242001,0.458106,0.338945,0.202949
9,C3_broad_1to1,0.198650,0.110295,0.088355,2.000000,0.157312,0.340454,0.416997,0.242549,0.461408,0.337835,0.200757
10,C3_broad_1to1,0.193915,0.105615,0.088299,2.000000,0.159094,0.339833,0.416765,0.243402,0.457244,0.342053,0.200703
11,C3_broad_1to1,0.182950,0.099009,0.083941,2.000000,0.161057,0.339102,0.416908,0.243990,0.459573,0.341910,0.198518
12,C3_broad_1to1,0.175502,0.094116,0.081386,2.000000,0.163195,0.339846,0.415803,0.244350,0.462472,0.339649,0.197879
13,C3_broad_1to1,0.165331,0.087081,0.078250,2.000000,0.165503,0.339235,0.416854,0.243911,0.462919,0.339369,0.197713
14,C3_broad_1to1,0.162937,0.085661,0.077276,2.000000,0.167974,0.339808,0.416431,0.243760,0.463732,0.338908,0.197360
15,C3_broad_1to1,0.159924,0.083302,0.076623,2.000000,0.170600,0.339928,0.416613,0.243459,0.465653,0.338477,0.195870
16,C3_broad_1to1,0.154792,0.080898,0.073894,2.000000,0.173376,0.339052,0.416567,0.244380,0.465043,0.338546,0.196412
17,C3_broad_1to1,0.150231,0.078286,0.071944,2.000000,0.176294,0.338639,0.416437,0.244925,0.464809,0.339152,0.196039
18,C3_broad_1to1,0.146278,0.075862,0.070415,2.000000,0.179345,0.339822,0.414996,0.245182,0.463603,0.341879,0.194518
19,C3_broad_1to1,0.149006,0.077266,0.071740,2.000000,0.182521,0.337841,0.416424,0.245734,0.464929,0.341651,0.193420
20,C3_broad_1to1,0.138124,0.070885,0.067239,2.000000,0.185814,0.337107,0.416864,0.246029,0.464826,0.340762,0.194412
21,C3_broad_1to1,0.141077,0.072728,0.068349,2.000000,0.189214,0.338392,0.414719,0.246890,0.465147,0.338988,0.195865
22,C3_broad_1to1,0.137618,0.070300,0.067317,2.000000,0.192712,0.337147,0.415032,0.247821,0.468266,0.337894,0.193840
23,C3_broad_1to1,0.133760,0.068634,0.065125,2.000000,0.196298,0.336633,0.414788,0.248579,0.465353,0.340181,0.194466
24,C3_broad_1to1,0.130520,0.066410,0.064110,2.000000,0.199964,0.338836,0.412701,0.248462,0.467959,0.339408,0.192633
25,C3_broad_1to1,0.130039,0.066226,0.063814,2.000000,0.203698,0.340395,0.412087,0.247518,0.464885,0.341248,0.193867
26,C3_broad_1to1,0.129679,0.067253,0.062426,2.000000,0.207490,0.339265,0.412344,0.248391,0.466143,0.341076,0.192781
27,C3_broad_1to1,0.126598,0.065023,0.061575,2.000000,0.211330,0.337508,0.412325,0.250166,0.465531,0.342045,0.192424
28,C3_broad_1to1,0.125121,0.064124,0.060997,2.000000,0.215208,0.336366,0.413733,0.249900,0.462552,0.345334,0.192113
29,C3_broad_1to1,0.121857,0.062138,0.059718,2.000000,0.219112,0.335715,0.414105,0.250181,0.462283,0.344019,0.193698
30,C3_broad_1to1,0.119928,0.060973,0.058954,2.000000,0.223033,0.335916,0.413237,0.250847,0.462864,0.343685,0.193451
31,C3_broad_1to1,0.120729,0.061447,0.059282,2.000000,0.226959,0.335314,0.413382,0.251304,0.464525,0.343271,0.192204
32,C3_broad_1to1,0.117572,0.060127,0.057445,2.000000,0.230880,0.335156,0.412692,0.252152,0.465048,0.345055,0.189897
33,C3_broad_1to1,0.117574,0.059947,0.057627,2.000000,0.234784,0.333955,0.413273,0.252772,0.464284,0.346392,0.189324
34,C3_broad_1to1,0.117610,0.060257,0.057354,2.000000,0.238662,0.333815,0.412644,0.253541,0.462901,0.346511,0.190588
35,C3_broad_1to1,0.113740,0.057856,0.055884,2.000000,0.242503,0.334917,0.411231,0.253852,0.462633,0.347466,0.189901
36,C3_broad_1to1,0.110164,0.055869,0.054296,2.000000,0.246295,0.335255,0.410814,0.253931,0.462552,0.347550,0.189899
37,C3_broad_1to1,0.109609,0.055916,0.053693,2.000000,0.250029,0.334333,0.411513,0.254153,0.461142,0.350207,0.188651
38,C3_broad_1to1,0.110929,0.056493,0.054436,2.000000,0.253694,0.334465,0.411298,0.254237,0.461003,0.349425,0.189572
39,C3_broad_1to1,0.109614,0.055798,0.053817,2.000000,0.257281,0.334175,0.410693,0.255132,0.458697,0.351179,0.190124
40,C3_broad_1to1,0.106799,0.054544,0.052255,2.000000,0.260779,0.333103,0.411536,0.255361,0.458396,0.351591,0.190013
41,C3_broad_1to1,0.106972,0.054511,0.052461,2.000000,0.264180,0.334046,0.411013,0.254941,0.457685,0.351277,0.191037
42,C3_broad_1to1,0.107321,0.055051,0.052269,2.000000,0.267472,0.335383,0.409793,0.254824,0.459124,0.349231,0.191645
43,C3_broad_1to1,0.104532,0.052990,0.051542,2.000000,0.270649,0.334795,0.409755,0.255450,0.457450,0.350250,0.192300
44,C3_broad_1to1,0.106587,0.054120,0.052467,2.000000,0.273700,0.333968,0.410017,0.256014,0.456468,0.351231,0.192302
45,C3_broad_1to1,0.101063,0.050891,0.050172,2.000000,0.276618,0.333338,0.410470,0.256192,0.456965,0.349861,0.193174
46,C3_broad_1to1,0.099941,0.050595,0.049346,2.000000,0.279394,0.331988,0.411088,0.256924,0.456863,0.350283,0.192855
47,C3_broad_1to1,0.100213,0.050791,0.049421,2.000000,0.282021,0.332139,0.410398,0.257463,0.457217,0.351399,0.191385
48,C3_broad_1to1,0.099000,0.049956,0.049044,2.000000,0.284492,0.332844,0.409077,0.258079,0.456988,0.351649,0.191363
49,C3_broad_1to1,0.104850,0.052914,0.051936,2.000000,0.286800,0.333116,0.408888,0.257995,0.456395,0.352053,0.191552
50,C3_broad_1to1,0.100159,0.050748,0.049411,2.000000,0.288939,0.333165,0.408112,0.258723,0.457101,0.351503,0.191396
51,C3_broad_1to1,0.095864,0.048432,0.047431,2.000000,0.290902,0.332808,0.408631,0.258561,0.457351,0.350554,0.192096
52,C3_broad_1to1,0.095098,0.048304,0.046793,2.000000,0.292684,0.332645,0.409099,0.258256,0.457273,0.350388,0.192339
53,C3_broad_1to1,0.096733,0.049243,0.047491,2.000000,0.294282,0.334340,0.407142,0.258519,0.456234,0.351048,0.192718
54,C3_broad_1to1,0.096581,0.048909,0.047673,2.000000,0.295689,0.333356,0.407814,0.258830,0.456034,0.350533,0.193433
55,C3_broad_1to1,0.094870,0.047905,0.046965,2.000000,0.296902,0.332372,0.407735,0.259893,0.457956,0.348939,0.193105
56,C3_broad_1to1,0.094185,0.047005,0.047180,2.000000,0.297919,0.332126,0.408033,0.259841,0.457467,0.348522,0.194011
57,C3_broad_1to1,0.092235,0.046270,0.045965,2.000000,0.298735,0.332076,0.408400,0.259525,0.455786,0.351337,0.192877
58,C3_broad_1to1,0.093726,0.047308,0.046419,2.000000,0.299349,0.331901,0.408960,0.259139,0.454386,0.353218,0.192395
59,C3_broad_1to1,0.092281,0.046273,0.046008,2.000000,0.299760,0.331405,0.408115,0.260480,0.453434,0.353708,0.192858
60,C3_broad_1to1,0.091901,0.046608,0.045293,2.000000,0.299966,0.332223,0.408265,0.259512,0.449278,0.357534,0.193188
61,C3_anneal,0.240605,0.077861,0.120253,1.001980,0.300359,0.332405,0.407339,0.260255,0.446211,0.356562,0.197228
62,C3_anneal,0.216046,0.083548,0.108023,1.000000,0.302512,0.331470,0.408707,0.259823,0.447536,0.354566,0.197898
63,C3_anneal,0.210169,0.087298,0.105084,1.000000,0.306808,0.330864,0.406976,0.262160,0.448705,0.353204,0.198090
64,C3_anneal,0.207187,0.092345,0.103593,1.000000,0.313220,0.330810,0.405895,0.263295,0.449413,0.352838,0.197749
65,C3_anneal,0.203042,0.096266,0.101521,1.000000,0.321708,0.329770,0.406880,0.263350,0.449691,0.355144,0.195165
66,C3_anneal,0.201142,0.097754,0.100571,1.000000,0.332220,0.329430,0.406170,0.264400,0.449324,0.355409,0.195267
67,C3_anneal,0.197091,0.097571,0.098545,1.000000,0.344692,0.330045,0.404688,0.265267,0.451330,0.353930,0.194740
68,C3_anneal,0.194215,0.104906,0.097107,1.000000,0.359045,0.331070,0.404637,0.264293,0.453011,0.352308,0.194682
69,C3_anneal,0.195607,0.108679,0.097803,1.000000,0.375193,0.330427,0.405476,0.264097,0.453391,0.353698,0.192911
70,C3_anneal,0.190699,0.108424,0.095349,1.000000,0.393035,0.329424,0.406671,0.263904,0.455955,0.351834,0.192211
71,C3_anneal,0.181844,0.106938,0.090922,1.000000,0.412461,0.329356,0.406210,0.264434,0.454389,0.352173,0.193438
72,C3_anneal,0.186590,0.111661,0.093295,1.000000,0.433351,0.329030,0.405273,0.265697,0.454157,0.352125,0.193719
73,C3_anneal,0.183164,0.112125,0.091582,1.000000,0.455578,0.328033,0.406226,0.265742,0.449710,0.354430,0.195860
74,C3_anneal,0.181140,0.110760,0.090570,1.000000,0.479003,0.328655,0.405132,0.266213,0.449674,0.354090,0.196237
75,C3_anneal,0.180093,0.117895,0.090046,1.000000,0.503482,0.328487,0.405041,0.266472,0.448985,0.353156,0.197859
76,C3_anneal,0.179516,0.115918,0.089758,1.000000,0.528865,0.329259,0.403401,0.267340,0.448000,0.352304,0.199696
77,C3_anneal,0.178747,0.119824,0.089373,1.000000,0.554994,0.328816,0.401917,0.269267,0.447136,0.353801,0.199064
78,C3_anneal,0.184223,0.125620,0.092111,1.000000,0.581709,0.328614,0.402220,0.269165,0.449631,0.353419,0.196950
79,C3_anneal,0.190857,0.125484,0.095428,1.000000,0.608845,0.326735,0.404987,0.268278,0.452523,0.350692,0.196785
80,C3_anneal,0.189628,0.127861,0.094814,1.000000,0.636235,0.327237,0.404159,0.268605,0.452614,0.351341,0.196045
81,C3_anneal,0.179017,0.127181,0.089509,1.000000,0.663710,0.328163,0.403277,0.268560,0.453703,0.349887,0.196411
82,C3_anneal,0.177598,0.126340,0.088799,1.000000,0.691100,0.328107,0.403108,0.268785,0.452246,0.352488,0.195266
83,C3_anneal,0.179969,0.129480,0.089985,1.000000,0.718237,0.327804,0.402104,0.270092,0.448455,0.354331,0.197214
84,C3_anneal,0.179175,0.127177,0.089587,1.000000,0.744954,0.327824,0.402094,0.270082,0.448842,0.353335,0.197822
85,C3_anneal,0.172552,0.125180,0.086276,1.000000,0.771084,0.328321,0.401835,0.269844,0.450307,0.352758,0.196935
86,C3_anneal,0.172403,0.127302,0.086201,1.000000,0.796469,0.328290,0.401171,0.270539,0.450690,0.352177,0.197133
87,C3_anneal,0.172250,0.127772,0.086125,1.000000,0.820950,0.327780,0.401816,0.270403,0.451173,0.351291,0.197537
88,C3_anneal,0.177989,0.134041,0.088995,1.000000,0.844377,0.327840,0.401861,0.270299,0.453664,0.347669,0.198667
89,C3_anneal,0.179514,0.126061,0.089757,1.000000,0.866606,0.327013,0.403071,0.269916,0.452001,0.348435,0.199564
90,C3_anneal,0.175038,0.138474,0.087519,1.000000,0.887499,0.327390,0.401631,0.270979,0.450818,0.348301,0.200881
91,C3_anneal,0.173991,0.130222,0.086996,1.000000,0.906928,0.327381,0.401755,0.270864,0.451102,0.347979,0.200919
92,C3_anneal,0.170125,0.126779,0.085063,1.000000,0.924773,0.330177,0.398972,0.270851,0.451665,0.347434,0.200900
93,C3_anneal,0.168228,0.129965,0.084114,1.000000,0.940924,0.329726,0.398234,0.272040,0.453885,0.344762,0.201353
94,C3_anneal,0.171680,0.135231,0.085840,1.000000,0.955282,0.329194,0.397915,0.272891,0.453876,0.343097,0.203028
95,C3_anneal,0.173157,0.132972,0.086578,1.000000,0.967757,0.328242,0.398575,0.273183,0.451799,0.346053,0.202148
96,C3_anneal,0.169205,0.131181,0.084603,1.000000,0.978273,0.328040,0.399344,0.272617,0.450862,0.345639,0.203499
97,C3_anneal,0.168242,0.134170,0.084121,1.000000,0.986765,0.328371,0.398728,0.272901,0.452547,0.345350,0.202103
98,C3_anneal,0.161777,0.126467,0.080889,1.000000,0.993181,0.327433,0.399864,0.272703,0.453427,0.344845,0.201727
99,C3_anneal,0.173024,0.132733,0.086512,1.000000,0.997481,0.329125,0.399201,0.271674,0.452085,0.345004,0.202911
100,C3_anneal,0.166465,0.138377,0.083232,1.000000,0.999639,0.328021,0.399356,0.272623,0.451192,0.344244,0.204563
101,C3_anneal,0.169899,0.131950,0.084949,1.000000,1.000000,0.328128,0.399041,0.272831,0.449529,0.344851,0.205620
102,C3_anneal,0.163313,0.123930,0.081656,1.000000,1.000000,0.329152,0.397910,0.272938,0.449404,0.343539,0.207058
103,C3_anneal,0.167971,0.133362,0.083985,1.000000,1.000000,0.328410,0.398825,0.272765,0.450770,0.341931,0.207299
104,C3_anneal,0.161354,0.137368,0.080677,1.000000,1.000000,0.327808,0.399442,0.272750,0.449704,0.342291,0.208005
105,C3_anneal,0.162568,0.130948,0.081284,1.000000,1.000000,0.327617,0.398229,0.274153,0.451215,0.342521,0.206264
106,C3_anneal,0.159265,0.126923,0.079633,1.000000,1.000000,0.326906,0.398901,0.274193,0.453691,0.341106,0.205204
107,C3_anneal,0.160426,0.134342,0.080213,1.000000,1.000000,0.327592,0.399550,0.272858,0.452393,0.341227,0.206380
108,C3_anneal,0.157994,0.129912,0.078997,1.000000,1.000000,0.327394,0.398403,0.274204,0.452745,0.341419,0.205836
109,C3_anneal,0.159731,0.127076,0.079866,1.000000,1.000000,0.328436,0.397553,0.274011,0.452763,0.339821,0.207415
110,C3_anneal,0.162123,0.135799,0.081061,1.000000,1.000000,0.328781,0.397527,0.273692,0.449663,0.341601,0.208736
111,C3_anneal,0.155443,0.133609,0.077722,1.000000,1.000000,0.330399,0.397380,0.272221,0.450660,0.340672,0.208668
112,C3_anneal,0.152572,0.125559,0.076286,1.000000,1.000000,0.329598,0.397597,0.272805,0.451145,0.339654,0.209201
113,C3_anneal,0.154692,0.125811,0.077346,1.000000,1.000000,0.328055,0.399537,0.272408,0.447865,0.341005,0.211130
114,C3_anneal,0.153238,0.135196,0.076619,1.000000,1.000000,0.329064,0.397648,0.273288,0.443993,0.344286,0.211721
115,C3_anneal,0.147289,0.129396,0.073645,1.000000,1.000000,0.328727,0.397618,0.273655,0.445223,0.343579,0.211198
116,C3_anneal,0.153737,0.127758,0.076868,1.000000,1.000000,0.327514,0.398371,0.274115,0.444700,0.343543,0.211757
117,C3_anneal,0.142482,0.123838,0.071241,1.000000,1.000000,0.327561,0.397041,0.275398,0.443079,0.345166,0.211755
118,C3_anneal,0.151580,0.128935,0.075790,1.000000,1.000000,0.326833,0.398113,0.275054,0.442462,0.345552,0.211986
119,C3_anneal,0.145464,0.127275,0.072732,1.000000,1.000000,0.326840,0.398042,0.275118,0.443864,0.345241,0.210895
120,C3_anneal,0.145362,0.122787,0.072681,1.000000,1.000000,0.326247,0.399190,0.274563,0.443025,0.345739,0.211236
121,C3_anneal,0.142509,0.123133,0.071254,1.000000,1.000000,0.326875,0.398253,0.274873,0.443217,0.346286,0.210497
122,C3_anneal,0.140968,0.116296,0.070484,1.000000,1.000000,0.326535,0.398354,0.275111,0.443153,0.346109,0.210738
123,C3_anneal,0.137110,0.115432,0.068555,1.000000,1.000000,0.326608,0.398294,0.275098,0.442904,0.346230,0.210866
124,C3_anneal,0.137215,0.115304,0.068608,1.000000,1.000000,0.326418,0.398256,0.275326,0.443176,0.345875,0.210949
125,C3_anneal,0.134900,0.113191,0.067450,1.000000,1.000000,0.326589,0.398094,0.275317,0.443700,0.345276,0.211024
126,C3_anneal,0.133990,0.108874,0.066995,1.000000,1.000000,0.326490,0.398075,0.275435,0.443915,0.344998,0.211087
127,C3_anneal,0.132717,0.112139,0.066358,1.000000,1.000000,0.326366,0.398577,0.275057,0.443642,0.345367,0.210991
128,C3_anneal,0.134230,0.117855,0.067115,1.000000,1.000000,0.326325,0.398594,0.275081,0.443099,0.345845,0.211056
129,C3_anneal,0.127809,0.105188,0.063905,1.000000,1.000000,0.326155,0.398825,0.275020,0.443257,0.345725,0.211018
130,C3_anneal,0.136352,0.113999,0.068176,1.000000,1.000000,0.326055,0.398973,0.274973,0.443094,0.345773,0.211133
131,C3_anneal,0.128611,0.108277,0.064305,1.000000,1.000000,0.325838,0.399135,0.275027,0.442723,0.346233,0.211044
132,C3_anneal,0.129586,0.108358,0.064793,1.000000,1.000000,0.326113,0.399005,0.274881,0.442920,0.346112,0.210968
133,C3_anneal,0.129226,0.113007,0.064613,1.000000,1.000000,0.326142,0.399178,0.274681,0.443187,0.346213,0.210600
134,C3_anneal,0.129113,0.110401,0.064557,1.000000,1.000000,0.326021,0.399234,0.274745,0.443150,0.346145,0.210705
135,C3_anneal,0.126819,0.111485,0.063410,1.000000,1.000000,0.326047,0.399271,0.274682,0.442800,0.346145,0.211055
136,C3_anneal,0.126770,0.107695,0.063385,1.000000,1.000000,0.325828,0.399480,0.274692,0.442296,0.346632,0.211073
137,C3_anneal,0.123481,0.107243,0.061740,1.000000,1.000000,0.326056,0.399277,0.274668,0.442411,0.346573,0.211016
138,C3_anneal,0.124268,0.109960,0.062134,1.000000,1.000000,0.326058,0.399062,0.274879,0.442927,0.346435,0.210639
139,C3_anneal,0.127757,0.108132,0.063878,1.000000,1.000000,0.325944,0.399071,0.274985,0.442885,0.346541,0.210573
140,C3_anneal,0.125397,0.104836,0.062698,1.000000,1.000000,0.326000,0.399094,0.274905,0.443161,0.346109,0.210730
141,C3_reliable_0p3,0.124458,0.103233,0.062229,1.000000,1.000000,0.325688,0.399189,0.275123,0.443206,0.346226,0.210568
142,C3_reliable_0p3,0.122879,0.108758,0.061439,1.000000,1.000000,0.325844,0.399453,0.274703,0.442794,0.346402,0.210804
143,C3_reliable_0p3,0.127421,0.105569,0.063711,1.000000,1.000000,0.325719,0.399566,0.274716,0.443048,0.345873,0.211079
144,C3_reliable_0p3,0.124392,0.109265,0.062196,1.000000,1.000000,0.325880,0.399543,0.274577,0.443321,0.345707,0.210972
145,C3_reliable_0p3,0.122127,0.101059,0.061063,1.000000,1.000000,0.325827,0.399617,0.274557,0.442947,0.345896,0.211157
146,C3_reliable_0p3,0.123980,0.106629,0.061990,1.000000,1.000000,0.325813,0.399581,0.274605,0.442908,0.345784,0.211308
147,C3_reliable_0p3,0.127218,0.107287,0.063609,1.000000,1.000000,0.326091,0.399351,0.274558,0.443158,0.345908,0.210934
148,C3_reliable_0p3,0.122554,0.110857,0.061277,1.000000,1.000000,0.326207,0.399227,0.274566,0.443005,0.346112,0.210883
149,C3_reliable_0p3,0.120730,0.100383,0.060365,1.000000,1.000000,0.325844,0.399506,0.274650,0.443082,0.346062,0.210856
150,C3_reliable_0p3,0.123048,0.103913,0.061524,1.000000,1.000000,0.325797,0.399308,0.274895,0.442952,0.346150,0.210898
