epoch,stage,total,bce,wbce,nc,q
1,C3_broad_1to1,0.548262,0.329055,0.329055,0.219207,2.000000
2,C3_broad_1to1,0.314553,0.189391,0.189391,0.125162,2.000000
3,C3_broad_1to1,0.227596,0.135645,0.135645,0.091951,2.000000
4,C3_broad_1to1,0.185291,0.107770,0.107770,0.077521,2.000000
5,C3_broad_1to1,0.157234,0.089628,0.089628,0.067606,2.000000
6,C3_broad_1to1,0.139114,0.077439,0.077439,0.061675,2.000000
7,C3_broad_1to1,0.134791,0.072545,0.072545,0.062246,2.000000
8,C3_broad_1to1,0.123529,0.066294,0.066294,0.057235,2.000000
9,C3_broad_1to1,0.115881,0.061243,0.061243,0.054638,2.000000
10,C3_broad_1to1,0.107275,0.056644,0.056644,0.050631,2.000000
11,C3_broad_1to1,0.109409,0.056491,0.056491,0.052919,2.000000
12,C3_broad_1to1,0.099308,0.050903,0.050903,0.048406,2.000000
13,C3_broad_1to1,0.093567,0.047728,0.047728,0.045839,2.000000
14,C3_broad_1to1,0.094936,0.048891,0.048891,0.046046,2.000000
15,C3_broad_1to1,0.090050,0.045417,0.045417,0.044633,2.000000
16,C3_broad_1to1,0.088921,0.045124,0.045124,0.043797,2.000000
17,C3_broad_1to1,0.086763,0.043779,0.043779,0.042985,2.000000
18,C3_broad_1to1,0.084627,0.042659,0.042659,0.041967,2.000000
19,C3_broad_1to1,0.080993,0.041281,0.041281,0.039711,2.000000
20,C3_broad_1to1,0.081608,0.041525,0.041525,0.040083,2.000000
21,C3_broad_1to1,0.078094,0.038793,0.038793,0.039301,2.000000
22,C3_broad_1to1,0.077668,0.039133,0.039133,0.038535,2.000000
23,C3_broad_1to1,0.076415,0.038622,0.038622,0.037793,2.000000
24,C3_broad_1to1,0.073345,0.036437,0.036437,0.036908,2.000000
25,C3_broad_1to1,0.071759,0.035990,0.035990,0.035769,2.000000
26,C3_broad_1to1,0.073092,0.036491,0.036491,0.036601,2.000000
27,C3_broad_1to1,0.068878,0.034020,0.034020,0.034858,2.000000
28,C3_broad_1to1,0.065774,0.032563,0.032563,0.033211,2.000000
29,C3_broad_1to1,0.069986,0.035381,0.035381,0.034605,2.000000
30,C3_broad_1to1,0.066297,0.032989,0.032989,0.033307,2.000000
31,C3_broad_1to1,0.064766,0.032385,0.032385,0.032381,2.000000
32,C3_broad_1to1,0.066634,0.033164,0.033164,0.033470,2.000000
33,C3_broad_1to1,0.062838,0.031179,0.031179,0.031659,2.000000
34,C3_broad_1to1,0.064187,0.032581,0.032581,0.031605,2.000000
35,C3_broad_1to1,0.060774,0.030121,0.030121,0.030654,2.000000
36,C3_broad_1to1,0.060859,0.030284,0.030284,0.030575,2.000000
37,C3_broad_1to1,0.061391,0.030708,0.030708,0.030683,2.000000
38,C3_broad_1to1,0.060382,0.030020,0.030020,0.030362,2.000000
39,C3_broad_1to1,0.062080,0.031381,0.031381,0.030699,2.000000
40,C3_broad_1to1,0.058525,0.029732,0.029732,0.028793,2.000000
41,C3_broad_1to1,0.058952,0.029636,0.029636,0.029316,2.000000
42,C3_broad_1to1,0.056685,0.028158,0.028158,0.028528,2.000000
43,C3_broad_1to1,0.055384,0.027555,0.027555,0.027829,2.000000
44,C3_broad_1to1,0.057021,0.028281,0.028281,0.028741,2.000000
45,C3_broad_1to1,0.056351,0.028285,0.028285,0.028066,2.000000
46,C3_broad_1to1,0.056594,0.028562,0.028562,0.028032,2.000000
47,C3_broad_1to1,0.055681,0.027558,0.027558,0.028123,2.000000
48,C3_broad_1to1,0.054654,0.027049,0.027049,0.027604,2.000000
49,C3_broad_1to1,0.051682,0.025620,0.025620,0.026062,2.000000
50,C3_broad_1to1,0.052287,0.025915,0.025915,0.026372,2.000000
51,C3_broad_1to1,0.052239,0.025821,0.025821,0.026418,2.000000
52,C3_broad_1to1,0.054099,0.027088,0.027088,0.027011,2.000000
53,C3_broad_1to1,0.053246,0.026537,0.026537,0.026708,2.000000
54,C3_broad_1to1,0.049752,0.024395,0.024395,0.025357,2.000000
55,C3_broad_1to1,0.051182,0.025463,0.025463,0.025719,2.000000
56,C3_broad_1to1,0.050099,0.025044,0.025044,0.025056,2.000000
57,C3_broad_1to1,0.050719,0.025246,0.025246,0.025473,2.000000
58,C3_broad_1to1,0.049788,0.024845,0.024845,0.024943,2.000000
59,C3_broad_1to1,0.049846,0.025071,0.025071,0.024775,2.000000
60,C3_broad_1to1,0.049563,0.024879,0.024879,0.024683,2.000000
61,C3_anneal,0.144954,0.044361,0.044361,0.072489,1.001980
62,C3_anneal,0.136080,0.048753,0.048753,0.068040,1.000000
63,C3_anneal,0.121016,0.046517,0.046517,0.060508,1.000000
64,C3_anneal,0.114239,0.044857,0.044857,0.057120,1.000000
65,C3_anneal,0.114072,0.047050,0.047050,0.057036,1.000000
66,C3_anneal,0.118588,0.050541,0.050541,0.059294,1.000000
67,C3_anneal,0.112209,0.049286,0.049286,0.056104,1.000000
68,C3_anneal,0.105448,0.047298,0.047298,0.052724,1.000000
69,C3_anneal,0.112758,0.050805,0.050805,0.056379,1.000000
70,C3_anneal,0.110518,0.049892,0.049892,0.055259,1.000000
71,C3_anneal,0.107422,0.048966,0.048966,0.053711,1.000000
72,C3_anneal,0.108514,0.052261,0.052261,0.054257,1.000000
73,C3_anneal,0.113095,0.052528,0.052528,0.056548,1.000000
74,C3_anneal,0.111912,0.051760,0.051760,0.055956,1.000000
75,C3_anneal,0.105854,0.050592,0.050592,0.052927,1.000000
76,C3_anneal,0.104617,0.050629,0.050629,0.052309,1.000000
77,C3_anneal,0.105473,0.050617,0.050617,0.052736,1.000000
78,C3_anneal,0.101525,0.050602,0.050602,0.050763,1.000000
79,C3_anneal,0.100678,0.051986,0.051986,0.050339,1.000000
80,C3_anneal,0.102005,0.046852,0.046852,0.051002,1.000000
81,C3_anneal,0.100340,0.050708,0.050708,0.050170,1.000000
82,C3_anneal,0.106492,0.054246,0.054246,0.053246,1.000000
83,C3_anneal,0.104689,0.053158,0.053158,0.052344,1.000000
84,C3_anneal,0.099800,0.048449,0.048449,0.049900,1.000000
85,C3_anneal,0.106625,0.053691,0.053691,0.053313,1.000000
86,C3_anneal,0.098441,0.050799,0.050799,0.049221,1.000000
87,C3_anneal,0.099726,0.049469,0.049469,0.049863,1.000000
88,C3_anneal,0.098312,0.047143,0.047143,0.049156,1.000000
89,C3_anneal,0.098295,0.048406,0.048406,0.049147,1.000000
90,C3_anneal,0.096326,0.047278,0.047278,0.048163,1.000000
91,C3_anneal,0.097623,0.050635,0.050635,0.048811,1.000000
92,C3_anneal,0.098587,0.052323,0.052323,0.049293,1.000000
93,C3_anneal,0.096345,0.047288,0.047288,0.048172,1.000000
94,C3_anneal,0.092404,0.042223,0.042223,0.046202,1.000000
95,C3_anneal,0.089554,0.044820,0.044820,0.044777,1.000000
96,C3_anneal,0.091127,0.048405,0.048405,0.045564,1.000000
97,C3_anneal,0.091779,0.047141,0.047141,0.045890,1.000000
98,C3_anneal,0.094014,0.048395,0.048395,0.047007,1.000000
99,C3_anneal,0.088837,0.045804,0.045804,0.044419,1.000000
100,C3_anneal,0.087830,0.043354,0.043354,0.043915,1.000000
101,C3_anneal,0.086336,0.041903,0.041903,0.043168,1.000000
102,C3_anneal,0.084465,0.043422,0.043422,0.042232,1.000000
103,C3_anneal,0.082127,0.040709,0.040709,0.041064,1.000000
104,C3_anneal,0.082387,0.039898,0.039898,0.041194,1.000000
105,C3_anneal,0.081467,0.040617,0.040617,0.040734,1.000000
106,C3_anneal,0.084751,0.041192,0.041192,0.042376,1.000000
107,C3_anneal,0.082497,0.039152,0.039152,0.041249,1.000000
108,C3_anneal,0.083186,0.038603,0.038603,0.041593,1.000000
109,C3_anneal,0.081525,0.041265,0.041265,0.040763,1.000000
110,C3_anneal,0.077610,0.037924,0.037924,0.038805,1.000000
111,C3_anneal,0.076496,0.035498,0.035498,0.038248,1.000000
112,C3_anneal,0.078217,0.038091,0.038091,0.039109,1.000000
113,C3_anneal,0.075719,0.036614,0.036614,0.037859,1.000000
114,C3_anneal,0.077275,0.037981,0.037981,0.038638,1.000000
115,C3_anneal,0.073500,0.034429,0.034429,0.036750,1.000000
116,C3_anneal,0.071149,0.032933,0.032933,0.035575,1.000000
117,C3_anneal,0.070060,0.030549,0.030549,0.035030,1.000000
118,C3_anneal,0.071013,0.030637,0.030637,0.035506,1.000000
119,C3_anneal,0.071136,0.032018,0.032018,0.035568,1.000000
120,C3_anneal,0.068317,0.030680,0.030680,0.034158,1.000000
121,C3_anneal,0.065897,0.028032,0.028032,0.032948,1.000000
122,C3_anneal,0.063526,0.027195,0.027195,0.031763,1.000000
123,C3_anneal,0.063552,0.026422,0.026422,0.031776,1.000000
124,C3_anneal,0.062433,0.025386,0.025386,0.031217,1.000000
125,C3_anneal,0.061768,0.025194,0.025194,0.030884,1.000000
126,C3_anneal,0.059703,0.025221,0.025221,0.029852,1.000000
127,C3_anneal,0.059461,0.025951,0.025951,0.029731,1.000000
128,C3_anneal,0.058662,0.024083,0.024083,0.029331,1.000000
129,C3_anneal,0.057946,0.024602,0.024602,0.028973,1.000000
130,C3_anneal,0.058401,0.023738,0.023738,0.029200,1.000000
131,C3_reliable_0p3,0.059689,0.024278,0.024278,0.029845,1.000000
132,C3_reliable_0p3,0.059008,0.023627,0.023627,0.029504,1.000000
133,C3_reliable_0p3,0.059268,0.024216,0.024216,0.029634,1.000000
134,C3_reliable_0p3,0.057021,0.023267,0.023267,0.028510,1.000000
135,C3_reliable_0p3,0.057450,0.023008,0.023008,0.028725,1.000000
136,C3_reliable_0p3,0.058464,0.023100,0.023100,0.029232,1.000000
137,C3_reliable_0p3,0.058101,0.023544,0.023544,0.029050,1.000000
138,C3_reliable_0p3,0.058656,0.023739,0.023739,0.029328,1.000000
139,C3_reliable_0p3,0.057423,0.022822,0.022822,0.028711,1.000000
140,C3_reliable_0p3,0.057434,0.023994,0.023994,0.028717,1.000000
141,C3_reliable_0p3,0.058138,0.023338,0.023338,0.029069,1.000000
142,C3_reliable_0p3,0.056773,0.022951,0.022951,0.028386,1.000000
143,C3_reliable_0p3,0.057098,0.023470,0.023470,0.028549,1.000000
144,C3_reliable_0p3,0.056109,0.024047,0.024047,0.028054,1.000000
145,C3_reliable_0p3,0.056953,0.023257,0.023257,0.028477,1.000000
146,C3_reliable_0p3,0.056961,0.023040,0.023040,0.028481,1.000000
147,C3_reliable_0p3,0.055668,0.022523,0.022523,0.027834,1.000000
148,C3_reliable_0p3,0.057432,0.023026,0.023026,0.028716,1.000000
149,C3_reliable_0p3,0.054851,0.022821,0.022821,0.027426,1.000000
