epoch,stage,total,bce,nc,q,csr_alpha,p3_context,p3_current,p3_fine,p4_context,p4_current,p4_fine,rgpu_p2_mix,rgpu_p2_ratio,rgpu_p3_mix,rgpu_p3_ratio,rgpu_p4_mix,rgpu_p4_ratio,rgpu_p5_mix,rgpu_p5_ratio
1,C3_broad_1to1,0.645351,0.389381,0.255970,2.000000,0.150034,0.317841,0.399159,0.283001,0.455530,0.334159,0.210310,0.023672,0.036431,-0.019071,0.023012,-0.015269,0.018481,-0.005107,0.007068
2,C3_broad_1to1,0.400834,0.242020,0.158814,2.000000,0.150239,0.312899,0.410411,0.276690,0.463637,0.324202,0.212161,0.053456,0.081070,-0.039178,0.047510,-0.025077,0.031202,-0.008768,0.012290
3,C3_broad_1to1,0.297548,0.180041,0.117507,2.000000,0.150650,0.315090,0.410044,0.274866,0.461399,0.321321,0.217280,0.067350,0.101110,-0.046692,0.056804,-0.029096,0.035525,-0.009315,0.012848
4,C3_broad_1to1,0.229782,0.138439,0.091344,2.000000,0.151264,0.316718,0.409569,0.273713,0.461674,0.320455,0.217871,0.075381,0.111252,-0.049642,0.061182,-0.032724,0.039987,-0.010259,0.014014
5,C3_broad_1to1,0.195321,0.116103,0.079219,2.000000,0.152080,0.317623,0.409794,0.272583,0.464626,0.316871,0.218503,0.082683,0.120337,-0.052467,0.065137,-0.036224,0.043663,-0.011407,0.015374
6,C3_broad_1to1,0.168367,0.098690,0.069677,2.000000,0.153096,0.318784,0.409531,0.271685,0.466798,0.314495,0.218707,0.088431,0.127579,-0.055001,0.068343,-0.039642,0.048432,-0.012938,0.016599
7,C3_broad_1to1,0.149514,0.085569,0.063945,2.000000,0.154309,0.320253,0.407116,0.272631,0.465138,0.315094,0.219768,0.093504,0.134395,-0.057554,0.071108,-0.042152,0.051063,-0.012815,0.017027
8,C3_broad_1to1,0.139949,0.078162,0.061788,2.000000,0.155715,0.321765,0.407248,0.270987,0.464602,0.314073,0.221325,0.098210,0.139942,-0.059720,0.074532,-0.044292,0.053800,-0.012079,0.016172
9,C3_broad_1to1,0.130578,0.071702,0.058876,2.000000,0.157312,0.322625,0.404464,0.272911,0.466317,0.314132,0.219552,0.102421,0.150371,-0.062526,0.078506,-0.045571,0.055381,-0.011137,0.015480
10,C3_broad_1to1,0.125766,0.067873,0.057893,2.000000,0.159094,0.322854,0.403703,0.273442,0.467904,0.313977,0.218119,0.105996,0.157776,-0.064317,0.080661,-0.047754,0.057355,-0.010905,0.014717
11,C3_broad_1to1,0.115984,0.061960,0.054024,2.000000,0.161057,0.325058,0.403354,0.271588,0.468315,0.313045,0.218640,0.109110,0.163656,-0.066277,0.084182,-0.049769,0.060637,-0.012290,0.016218
12,C3_broad_1to1,0.112433,0.059473,0.052960,2.000000,0.163195,0.326683,0.402173,0.271144,0.469581,0.312403,0.218015,0.112047,0.170986,-0.068242,0.086134,-0.052069,0.064261,-0.011736,0.015577
13,C3_broad_1to1,0.106556,0.054867,0.051689,2.000000,0.165503,0.325566,0.402936,0.271498,0.471821,0.312250,0.215929,0.114252,0.173986,-0.069592,0.086188,-0.053970,0.066518,-0.012260,0.016549
14,C3_broad_1to1,0.105293,0.054053,0.051240,2.000000,0.167974,0.326155,0.402039,0.271807,0.473098,0.311376,0.215526,0.117388,0.184587,-0.070984,0.088697,-0.055042,0.067141,-0.010843,0.014368
15,C3_broad_1to1,0.104060,0.054473,0.049586,2.000000,0.170600,0.327939,0.400692,0.271369,0.475042,0.311387,0.213571,0.119576,0.185227,-0.072778,0.089614,-0.056563,0.069641,-0.010149,0.013265
16,C3_broad_1to1,0.096423,0.049191,0.047232,2.000000,0.173376,0.327766,0.400641,0.271592,0.473716,0.311738,0.214545,0.122194,0.191176,-0.074583,0.091699,-0.058779,0.072589,-0.011010,0.014616
17,C3_broad_1to1,0.098204,0.050135,0.048068,2.000000,0.176294,0.327761,0.402431,0.269808,0.472047,0.313642,0.214310,0.124649,0.196894,-0.076477,0.094962,-0.060633,0.074064,-0.011243,0.015046
18,C3_broad_1to1,0.093281,0.047615,0.045666,2.000000,0.179345,0.326829,0.401632,0.271539,0.472116,0.312697,0.215186,0.126917,0.198191,-0.078122,0.097731,-0.061854,0.074624,-0.011487,0.014693
19,C3_broad_1to1,0.088308,0.044578,0.043731,2.000000,0.182521,0.328425,0.401234,0.270341,0.469062,0.314444,0.216494,0.129138,0.203937,-0.079995,0.099521,-0.064253,0.078309,-0.011128,0.014592
20,C3_broad_1to1,0.090121,0.045443,0.044677,2.000000,0.185814,0.330450,0.399877,0.269673,0.468421,0.314938,0.216641,0.131159,0.208587,-0.082637,0.102870,-0.066592,0.081607,-0.012480,0.015957
21,C3_broad_1to1,0.093225,0.047096,0.046129,2.000000,0.189214,0.330830,0.398642,0.270528,0.470310,0.313692,0.215998,0.133513,0.215374,-0.084431,0.104891,-0.067884,0.082559,-0.011876,0.015160
22,C3_broad_1to1,0.086795,0.043477,0.043318,2.000000,0.192712,0.331375,0.397714,0.270912,0.472032,0.312007,0.215960,0.135470,0.218625,-0.086126,0.105987,-0.068815,0.084387,-0.013056,0.017010
23,C3_broad_1to1,0.085262,0.042355,0.042907,2.000000,0.196298,0.330731,0.398824,0.270446,0.472404,0.311319,0.216277,0.137451,0.220795,-0.087453,0.108223,-0.070602,0.086731,-0.012594,0.016739
24,C3_broad_1to1,0.083640,0.041789,0.041851,2.000000,0.199964,0.330919,0.399000,0.270080,0.471056,0.312409,0.216535,0.139700,0.225734,-0.089250,0.111225,-0.072399,0.089124,-0.012772,0.016987
25,C3_broad_1to1,0.083044,0.041182,0.041862,2.000000,0.203698,0.330789,0.398983,0.270228,0.470721,0.312276,0.217003,0.141450,0.229444,-0.090968,0.113561,-0.072349,0.089749,-0.012109,0.015615
26,C3_broad_1to1,0.083249,0.041624,0.041625,2.000000,0.207490,0.330670,0.399648,0.269682,0.471418,0.311144,0.217438,0.143573,0.234047,-0.092330,0.116028,-0.074099,0.090161,-0.013289,0.017333
27,C3_broad_1to1,0.078868,0.039089,0.039779,2.000000,0.211330,0.333011,0.397030,0.269959,0.472608,0.310155,0.217237,0.145116,0.233901,-0.093751,0.117143,-0.074873,0.091186,-0.013815,0.018114
28,C3_broad_1to1,0.078176,0.039463,0.038713,2.000000,0.215208,0.333181,0.396749,0.270069,0.473587,0.311524,0.214889,0.147030,0.239819,-0.095795,0.118371,-0.076501,0.093160,-0.014930,0.020173
29,C3_broad_1to1,0.075325,0.037523,0.037802,2.000000,0.219112,0.334277,0.397608,0.268115,0.475291,0.312847,0.211862,0.148614,0.240559,-0.097790,0.121514,-0.077739,0.095754,-0.016817,0.022781
30,C3_broad_1to1,0.077585,0.038655,0.038930,2.000000,0.223033,0.333912,0.397537,0.268551,0.475201,0.310798,0.214001,0.150238,0.246905,-0.098790,0.122461,-0.077911,0.096160,-0.017010,0.022745
31,C3_broad_1to1,0.075561,0.037573,0.037989,2.000000,0.226959,0.334796,0.397120,0.268085,0.473629,0.312059,0.214312,0.151955,0.247898,-0.100059,0.124316,-0.078779,0.096021,-0.016463,0.021546
32,C3_broad_1to1,0.074386,0.037093,0.037293,2.000000,0.230880,0.335873,0.395623,0.268504,0.472339,0.311662,0.215999,0.153555,0.252727,-0.101459,0.125489,-0.079519,0.097293,-0.015929,0.020847
33,C3_broad_1to1,0.072654,0.036110,0.036545,2.000000,0.234784,0.336384,0.394559,0.269057,0.470003,0.313958,0.216039,0.155261,0.251567,-0.103110,0.127528,-0.080336,0.098304,-0.014750,0.019710
34,C3_broad_1to1,0.073370,0.036707,0.036663,2.000000,0.238662,0.337016,0.393980,0.269003,0.472599,0.312516,0.214885,0.156850,0.256438,-0.104754,0.128901,-0.081108,0.098216,-0.015236,0.020805
35,C3_broad_1to1,0.072212,0.035660,0.036552,2.000000,0.242503,0.338311,0.393326,0.268362,0.474628,0.310457,0.214914,0.158505,0.263476,-0.105707,0.130623,-0.082378,0.100797,-0.015816,0.021598
36,C3_broad_1to1,0.069276,0.033956,0.035320,2.000000,0.246295,0.339199,0.392858,0.267942,0.476027,0.310726,0.213247,0.160175,0.264876,-0.107647,0.132962,-0.083796,0.102736,-0.015795,0.021605
37,C3_broad_1to1,0.067580,0.033392,0.034188,2.000000,0.250029,0.338454,0.394147,0.267399,0.475825,0.312077,0.212098,0.161566,0.266740,-0.108183,0.132933,-0.084026,0.102920,-0.015557,0.020920
38,C3_broad_1to1,0.070187,0.035036,0.035152,2.000000,0.253694,0.339710,0.392873,0.267417,0.475883,0.312706,0.211411,0.162980,0.272064,-0.109219,0.135427,-0.084875,0.102710,-0.016960,0.022683
39,C3_broad_1to1,0.069785,0.034593,0.035192,2.000000,0.257281,0.340471,0.391963,0.267565,0.476255,0.312189,0.211556,0.164613,0.275873,-0.110871,0.136529,-0.086303,0.103944,-0.017246,0.023505
40,C3_broad_1to1,0.067248,0.033368,0.033880,2.000000,0.260779,0.341093,0.390931,0.267976,0.477443,0.311484,0.211073,0.166060,0.280023,-0.111787,0.136981,-0.087269,0.106070,-0.017005,0.023352
41,C3_broad_1to1,0.067091,0.033665,0.033426,2.000000,0.264180,0.340966,0.390547,0.268488,0.478617,0.311729,0.209654,0.167560,0.282013,-0.113157,0.140025,-0.087729,0.105727,-0.017167,0.023629
42,C3_broad_1to1,0.067975,0.033698,0.034277,2.000000,0.267472,0.341294,0.390895,0.267811,0.477357,0.311989,0.210654,0.169181,0.285032,-0.113386,0.141176,-0.088539,0.106652,-0.018306,0.024863
43,C3_broad_1to1,0.067092,0.033230,0.033862,2.000000,0.270649,0.341564,0.390589,0.267847,0.477264,0.310404,0.212332,0.170809,0.289097,-0.115285,0.141488,-0.091224,0.111621,-0.017507,0.023781
44,C3_broad_1to1,0.066569,0.033020,0.033549,2.000000,0.273700,0.341155,0.390251,0.268593,0.477450,0.310926,0.211624,0.172178,0.292821,-0.116500,0.143615,-0.091832,0.112114,-0.016577,0.022582
45,C3_broad_1to1,0.064518,0.031573,0.032945,2.000000,0.276618,0.343049,0.388602,0.268349,0.477208,0.311639,0.211152,0.173351,0.293152,-0.117296,0.144699,-0.092653,0.114253,-0.016988,0.023190
46,C3_broad_1to1,0.063330,0.031545,0.031784,2.000000,0.279394,0.343779,0.389049,0.267172,0.478308,0.310708,0.210984,0.174803,0.296136,-0.119505,0.147089,-0.093550,0.114236,-0.017793,0.024163
47,C3_broad_1to1,0.063351,0.031231,0.032120,2.000000,0.282021,0.343832,0.388434,0.267734,0.477690,0.309827,0.212482,0.176182,0.299162,-0.120212,0.147981,-0.093434,0.114228,-0.017379,0.023892
48,C3_broad_1to1,0.061831,0.030670,0.031161,2.000000,0.284492,0.344211,0.387544,0.268246,0.478974,0.308866,0.212160,0.177409,0.303154,-0.121087,0.148170,-0.093532,0.114654,-0.018257,0.025213
49,C3_broad_1to1,0.061312,0.030604,0.030708,2.000000,0.286800,0.343031,0.389098,0.267872,0.474753,0.312682,0.212565,0.178536,0.306751,-0.122076,0.149956,-0.093908,0.115822,-0.021170,0.029091
50,C3_broad_1to1,0.061170,0.030137,0.031033,2.000000,0.288939,0.342650,0.388763,0.268587,0.474841,0.312432,0.212727,0.179723,0.307991,-0.122941,0.149807,-0.095697,0.118351,-0.022244,0.030301
51,C3_broad_1to1,0.059550,0.029628,0.029922,2.000000,0.290902,0.342229,0.389370,0.268401,0.476234,0.312083,0.211683,0.181080,0.309567,-0.124225,0.152128,-0.095964,0.119371,-0.021867,0.029756
52,C3_broad_1to1,0.058611,0.028609,0.030002,2.000000,0.292684,0.341797,0.388833,0.269371,0.473617,0.311804,0.214578,0.182237,0.311537,-0.125314,0.154051,-0.097104,0.120917,-0.021366,0.028922
53,C3_broad_1to1,0.060188,0.030041,0.030147,2.000000,0.294282,0.340491,0.390180,0.269329,0.475067,0.310795,0.214138,0.183533,0.314264,-0.125867,0.154386,-0.098947,0.122963,-0.020984,0.028925
54,C3_broad_1to1,0.059282,0.029144,0.030138,2.000000,0.295689,0.340991,0.388472,0.270537,0.475108,0.311616,0.213277,0.184815,0.320303,-0.126943,0.154382,-0.098579,0.121673,-0.021239,0.029473
55,C3_broad_1to1,0.059228,0.029492,0.029736,2.000000,0.296902,0.341045,0.388512,0.270443,0.475406,0.312792,0.211802,0.185879,0.321605,-0.128116,0.155737,-0.098887,0.121774,-0.020789,0.028970
56,C3_broad_1to1,0.058438,0.028680,0.029758,2.000000,0.297919,0.342578,0.389426,0.267996,0.477377,0.311045,0.211578,0.186948,0.323008,-0.129677,0.158815,-0.100384,0.123820,-0.021254,0.029857
57,C3_broad_1to1,0.057672,0.028324,0.029348,2.000000,0.298735,0.342989,0.388961,0.268051,0.477150,0.308829,0.214020,0.188139,0.326171,-0.130850,0.161010,-0.100184,0.123459,-0.023300,0.032517
58,C3_broad_1to1,0.057095,0.028363,0.028733,2.000000,0.299349,0.341884,0.388086,0.270030,0.477299,0.309183,0.213518,0.189501,0.328638,-0.131964,0.162220,-0.100560,0.123993,-0.023729,0.032781
59,C3_broad_1to1,0.058118,0.028645,0.029473,2.000000,0.299760,0.341587,0.388891,0.269522,0.478460,0.308294,0.213246,0.190695,0.331875,-0.132359,0.161384,-0.101801,0.125924,-0.023920,0.033020
60,C3_broad_1to1,0.056847,0.028000,0.028847,2.000000,0.299966,0.342879,0.387985,0.269136,0.479352,0.308679,0.211970,0.192054,0.334558,-0.133397,0.162454,-0.101094,0.124849,-0.023023,0.031762
61,C3_anneal,0.156641,0.045971,0.078325,1.001980,0.300359,0.341261,0.388019,0.270720,0.475483,0.310012,0.214505,0.195993,0.326816,-0.135834,0.166945,-0.101427,0.127656,-0.025063,0.035336
62,C3_anneal,0.152493,0.052832,0.076247,1.000000,0.302512,0.342628,0.387267,0.270106,0.477469,0.311800,0.210730,0.201600,0.337138,-0.136099,0.165753,-0.101110,0.126182,-0.024213,0.034076
63,C3_anneal,0.137223,0.049753,0.068612,1.000000,0.306808,0.343311,0.386733,0.269956,0.477134,0.312873,0.209993,0.205175,0.342699,-0.137114,0.167278,-0.102271,0.127514,-0.023494,0.033171
64,C3_anneal,0.145914,0.055849,0.072957,1.000000,0.313220,0.343404,0.386998,0.269599,0.477559,0.310029,0.212413,0.208062,0.348400,-0.138981,0.170056,-0.103225,0.127203,-0.022432,0.031714
65,C3_anneal,0.131466,0.055376,0.065733,1.000000,0.321708,0.343621,0.386832,0.269548,0.478250,0.308502,0.213248,0.211232,0.358374,-0.139422,0.169927,-0.104279,0.128305,-0.021691,0.030405
66,C3_anneal,0.137838,0.055453,0.068919,1.000000,0.332220,0.342921,0.387726,0.269353,0.480037,0.307924,0.212039,0.213570,0.364388,-0.139755,0.170836,-0.103773,0.127733,-0.021301,0.029806
67,C3_anneal,0.136736,0.059431,0.068368,1.000000,0.344692,0.343163,0.388966,0.267871,0.482834,0.304683,0.212482,0.215720,0.370549,-0.140906,0.173117,-0.103561,0.128607,-0.023068,0.032260
68,C3_anneal,0.134879,0.060310,0.067439,1.000000,0.359045,0.342053,0.391370,0.266577,0.488118,0.301441,0.210441,0.217967,0.373297,-0.140917,0.170281,-0.102764,0.128330,-0.023183,0.031972
69,C3_anneal,0.131597,0.059805,0.065798,1.000000,0.375193,0.344025,0.389822,0.266153,0.483402,0.302236,0.214362,0.219613,0.376669,-0.141457,0.169075,-0.102574,0.126631,-0.021624,0.030128
70,C3_anneal,0.140091,0.059390,0.070045,1.000000,0.393035,0.343074,0.390266,0.266660,0.479369,0.306499,0.214131,0.221157,0.382692,-0.141972,0.169145,-0.102115,0.125696,-0.020879,0.028909
71,C3_anneal,0.125051,0.060470,0.062525,1.000000,0.412461,0.344631,0.388363,0.267006,0.478268,0.307111,0.214621,0.222994,0.385548,-0.141675,0.165675,-0.102226,0.125087,-0.020485,0.028536
72,C3_anneal,0.132709,0.065040,0.066355,1.000000,0.433351,0.345612,0.388418,0.265971,0.482269,0.305998,0.211733,0.225143,0.386768,-0.142722,0.165668,-0.102502,0.124980,-0.020536,0.028313
73,C3_anneal,0.125023,0.064860,0.062511,1.000000,0.455578,0.347496,0.387684,0.264820,0.483930,0.306318,0.209752,0.226765,0.396528,-0.143280,0.164657,-0.104876,0.126153,-0.021645,0.029732
74,C3_anneal,0.127635,0.064417,0.063817,1.000000,0.479003,0.349496,0.383458,0.267047,0.482941,0.308833,0.208226,0.229246,0.400020,-0.142864,0.162596,-0.104481,0.125317,-0.020110,0.027707
75,C3_anneal,0.123715,0.065351,0.061857,1.000000,0.503482,0.349212,0.384414,0.266374,0.482152,0.308388,0.209460,0.231056,0.407067,-0.142656,0.160533,-0.103318,0.123395,-0.020208,0.027930
76,C3_anneal,0.123773,0.065291,0.061887,1.000000,0.528865,0.348501,0.385643,0.265856,0.479645,0.309405,0.210950,0.232395,0.408291,-0.144020,0.160639,-0.103672,0.122379,-0.020537,0.028550
77,C3_anneal,0.128898,0.064483,0.064449,1.000000,0.554994,0.349994,0.384349,0.265657,0.480057,0.308951,0.210993,0.233914,0.415038,-0.145179,0.160278,-0.104731,0.121003,-0.021871,0.030498
78,C3_anneal,0.124307,0.062266,0.062154,1.000000,0.581709,0.350547,0.385884,0.263570,0.479837,0.308603,0.211561,0.235960,0.416377,-0.145461,0.158767,-0.104648,0.119597,-0.020377,0.028042
79,C3_anneal,0.123451,0.068859,0.061726,1.000000,0.608845,0.350874,0.387108,0.262018,0.477898,0.308278,0.213825,0.237652,0.417410,-0.145524,0.158360,-0.106917,0.122605,-0.019396,0.026593
80,C3_anneal,0.128886,0.068592,0.064443,1.000000,0.636235,0.351277,0.383029,0.265695,0.481878,0.305337,0.212785,0.239235,0.423932,-0.146406,0.157732,-0.105897,0.122637,-0.020457,0.028259
81,C3_anneal,0.121940,0.064772,0.060970,1.000000,0.663710,0.351025,0.384192,0.264783,0.483824,0.304788,0.211388,0.241085,0.431158,-0.146790,0.157013,-0.104674,0.121132,-0.020592,0.028760
82,C3_anneal,0.124429,0.066572,0.062214,1.000000,0.691100,0.350442,0.385092,0.264467,0.482010,0.307262,0.210728,0.242597,0.431967,-0.147097,0.155052,-0.107165,0.122895,-0.018978,0.026632
83,C3_anneal,0.127883,0.067582,0.063941,1.000000,0.718237,0.351785,0.385217,0.262998,0.482412,0.305091,0.212497,0.244445,0.437298,-0.146540,0.153232,-0.107685,0.122727,-0.018233,0.025642
84,C3_anneal,0.120936,0.066157,0.060468,1.000000,0.744954,0.351996,0.386113,0.261891,0.482479,0.304682,0.212838,0.245759,0.437976,-0.146693,0.152702,-0.108339,0.123838,-0.017527,0.025224
85,C3_anneal,0.118639,0.064353,0.059320,1.000000,0.771084,0.352081,0.386696,0.261223,0.486160,0.304069,0.209771,0.247940,0.443694,-0.147621,0.152615,-0.108650,0.122636,-0.018216,0.025862
86,C3_anneal,0.118664,0.064273,0.059332,1.000000,0.796469,0.350907,0.386760,0.262333,0.487767,0.302774,0.209459,0.249517,0.448702,-0.149383,0.153489,-0.109538,0.121834,-0.019621,0.027823
87,C3_anneal,0.120073,0.067114,0.060037,1.000000,0.820950,0.349690,0.385655,0.264655,0.488201,0.302569,0.209230,0.251251,0.450076,-0.149281,0.152371,-0.110172,0.121806,-0.018281,0.026009
88,C3_anneal,0.119089,0.065696,0.059544,1.000000,0.844377,0.350714,0.386640,0.262646,0.487244,0.305505,0.207251,0.252824,0.454352,-0.148649,0.150965,-0.110861,0.122775,-0.018221,0.025770
89,C3_anneal,0.120847,0.071162,0.060423,1.000000,0.866606,0.351930,0.385916,0.262154,0.484555,0.306939,0.208505,0.254554,0.458653,-0.150512,0.152674,-0.109896,0.120811,-0.018580,0.026076
90,C3_anneal,0.121503,0.070916,0.060752,1.000000,0.887499,0.353364,0.383538,0.263098,0.484247,0.308111,0.207641,0.255903,0.461023,-0.150809,0.151322,-0.109297,0.120827,-0.018645,0.025941
91,C3_anneal,0.123130,0.066346,0.061565,1.000000,0.906928,0.354279,0.383365,0.262356,0.483091,0.308349,0.208560,0.257030,0.463162,-0.150883,0.150223,-0.108520,0.119137,-0.018958,0.026550
92,C3_anneal,0.115722,0.068533,0.057861,1.000000,0.924773,0.356018,0.382991,0.260991,0.484149,0.308917,0.206934,0.258391,0.467383,-0.151350,0.150766,-0.108415,0.117576,-0.016753,0.023487
93,C3_anneal,0.118961,0.071315,0.059480,1.000000,0.940924,0.355805,0.382498,0.261697,0.486011,0.309376,0.204613,0.260191,0.471080,-0.151806,0.151482,-0.108522,0.117471,-0.017618,0.024693
94,C3_anneal,0.114201,0.069856,0.057101,1.000000,0.955282,0.356553,0.381185,0.262262,0.483991,0.310194,0.205815,0.261932,0.474011,-0.150896,0.149391,-0.106783,0.114537,-0.016838,0.023820
95,C3_anneal,0.120854,0.069101,0.060427,1.000000,0.967757,0.356998,0.380972,0.262030,0.484927,0.309743,0.205330,0.263061,0.474470,-0.150897,0.149757,-0.106715,0.113806,-0.016210,0.022922
96,C3_anneal,0.118107,0.068357,0.059053,1.000000,0.978273,0.357004,0.382025,0.260971,0.485278,0.308997,0.205725,0.264094,0.476681,-0.151424,0.150454,-0.106800,0.113673,-0.016938,0.023920
97,C3_anneal,0.115177,0.068933,0.057588,1.000000,0.986765,0.356537,0.380617,0.262846,0.485643,0.310566,0.203791,0.265960,0.475362,-0.151974,0.150386,-0.108275,0.116420,-0.018620,0.026371
98,C3_anneal,0.115625,0.068649,0.057812,1.000000,0.993181,0.357347,0.380055,0.262598,0.482891,0.310901,0.206208,0.267205,0.484261,-0.152041,0.150306,-0.108330,0.116256,-0.018420,0.025984
99,C3_anneal,0.114573,0.067187,0.057286,1.000000,0.997481,0.356574,0.378798,0.264628,0.482996,0.311047,0.205957,0.268247,0.486396,-0.152356,0.150418,-0.109262,0.117094,-0.018488,0.026053
100,C3_anneal,0.111754,0.067043,0.055877,1.000000,0.999639,0.355648,0.379346,0.265006,0.486189,0.309072,0.204739,0.269636,0.487330,-0.152843,0.150928,-0.110300,0.118977,-0.020717,0.029164
101,C3_anneal,0.113622,0.070581,0.056811,1.000000,1.000000,0.356818,0.379222,0.263960,0.486201,0.309239,0.204560,0.271159,0.489313,-0.152830,0.150518,-0.110929,0.120631,-0.019718,0.027800
102,C3_anneal,0.108727,0.063847,0.054364,1.000000,1.000000,0.356227,0.379741,0.264032,0.484452,0.310541,0.205007,0.273053,0.496493,-0.152587,0.150564,-0.111214,0.122173,-0.020026,0.028411
103,C3_anneal,0.113768,0.066601,0.056884,1.000000,1.000000,0.358082,0.377455,0.264463,0.484126,0.311156,0.204718,0.274589,0.499722,-0.154369,0.153019,-0.110721,0.122771,-0.020034,0.028707
104,C3_anneal,0.111566,0.068675,0.055783,1.000000,1.000000,0.356915,0.378216,0.264869,0.484226,0.310584,0.205191,0.276635,0.506821,-0.154363,0.153962,-0.110294,0.121760,-0.018368,0.026412
105,C3_anneal,0.108353,0.065048,0.054176,1.000000,1.000000,0.357048,0.378929,0.264023,0.484963,0.310277,0.204760,0.277715,0.508803,-0.154893,0.153907,-0.110631,0.121099,-0.018132,0.025905
106,C3_anneal,0.106232,0.062726,0.053116,1.000000,1.000000,0.354165,0.378972,0.266863,0.484951,0.310505,0.204545,0.278849,0.503868,-0.154656,0.154997,-0.110590,0.121278,-0.019206,0.027069
107,C3_anneal,0.111645,0.069539,0.055823,1.000000,1.000000,0.354120,0.379108,0.266772,0.487151,0.309255,0.203593,0.280500,0.506954,-0.154557,0.154361,-0.111325,0.122091,-0.020953,0.029100
108,C3_anneal,0.108472,0.060365,0.054236,1.000000,1.000000,0.352846,0.381009,0.266145,0.485678,0.310232,0.204090,0.282279,0.511064,-0.155375,0.155172,-0.110753,0.122537,-0.021071,0.029337
109,C3_anneal,0.113677,0.066381,0.056838,1.000000,1.000000,0.351375,0.382173,0.266452,0.486354,0.308211,0.205435,0.283323,0.515965,-0.155220,0.155510,-0.110559,0.123345,-0.019279,0.027054
110,C3_anneal,0.107711,0.062878,0.053856,1.000000,1.000000,0.350392,0.383587,0.266022,0.487730,0.305903,0.206366,0.284714,0.517479,-0.156169,0.156138,-0.111036,0.123884,-0.018847,0.026537
111,C3_anneal,0.114657,0.063357,0.057329,1.000000,1.000000,0.351236,0.384168,0.264595,0.489367,0.303923,0.206710,0.285679,0.522311,-0.157395,0.158053,-0.111856,0.126079,-0.020116,0.028256
112,C3_anneal,0.102583,0.063897,0.051291,1.000000,1.000000,0.353436,0.383444,0.263119,0.488925,0.304806,0.206269,0.286490,0.524450,-0.157378,0.158158,-0.112565,0.127163,-0.020089,0.027960
113,C3_anneal,0.105935,0.062248,0.052968,1.000000,1.000000,0.353310,0.383387,0.263303,0.486065,0.307406,0.206528,0.287990,0.527673,-0.156920,0.158498,-0.112441,0.126413,-0.020542,0.028634
114,C3_anneal,0.105775,0.062580,0.052887,1.000000,1.000000,0.353221,0.385113,0.261665,0.485095,0.308670,0.206236,0.289448,0.530424,-0.158105,0.160232,-0.113806,0.128528,-0.020009,0.028237
115,C3_anneal,0.104266,0.062165,0.052133,1.000000,1.000000,0.354062,0.383564,0.262374,0.482489,0.310734,0.206777,0.291315,0.535485,-0.158497,0.160831,-0.113383,0.129360,-0.019530,0.027181
116,C3_anneal,0.103643,0.059123,0.051822,1.000000,1.000000,0.354825,0.382372,0.262804,0.483510,0.309349,0.207142,0.292457,0.537088,-0.158533,0.160823,-0.111710,0.127906,-0.018616,0.025694
117,C3_anneal,0.106752,0.058869,0.053376,1.000000,1.000000,0.355355,0.381739,0.262906,0.484567,0.307926,0.207507,0.294037,0.540197,-0.157778,0.160157,-0.111934,0.127164,-0.018740,0.025716
118,C3_anneal,0.102705,0.061775,0.051353,1.000000,1.000000,0.356189,0.382549,0.261262,0.482931,0.308493,0.208576,0.295181,0.540996,-0.159338,0.161751,-0.112476,0.128179,-0.018753,0.025631
119,C3_anneal,0.104504,0.061152,0.052252,1.000000,1.000000,0.356382,0.382626,0.260992,0.480957,0.310582,0.208461,0.296388,0.539615,-0.158639,0.161265,-0.113079,0.128118,-0.019349,0.026323
120,C3_anneal,0.100687,0.058960,0.050344,1.000000,1.000000,0.356107,0.381932,0.261961,0.479901,0.312536,0.207563,0.297587,0.541202,-0.158827,0.162101,-0.113363,0.128866,-0.020264,0.027839
121,C3_anneal,0.094996,0.056947,0.047498,1.000000,1.000000,0.356737,0.381843,0.261420,0.480227,0.312177,0.207597,0.298684,0.544276,-0.159125,0.162431,-0.113461,0.129638,-0.020536,0.028173
122,C3_anneal,0.097249,0.057084,0.048624,1.000000,1.000000,0.356102,0.382526,0.261372,0.479886,0.312158,0.207957,0.298778,0.548209,-0.158984,0.162485,-0.113240,0.129289,-0.020247,0.027783
123,C3_anneal,0.094036,0.055610,0.047018,1.000000,1.000000,0.355987,0.382742,0.261271,0.480001,0.311897,0.208101,0.299060,0.549440,-0.159276,0.162667,-0.113313,0.129344,-0.020392,0.028119
124,C3_anneal,0.093445,0.052298,0.046722,1.000000,1.000000,0.355582,0.382829,0.261588,0.479936,0.312198,0.207866,0.299148,0.549720,-0.159612,0.163014,-0.113450,0.129425,-0.020393,0.028164
125,C3_anneal,0.090708,0.055799,0.045354,1.000000,1.000000,0.355623,0.382891,0.261486,0.479969,0.312260,0.207771,0.299130,0.550103,-0.159738,0.163212,-0.113429,0.129510,-0.020367,0.028113
126,C3_anneal,0.093110,0.052531,0.046555,1.000000,1.000000,0.355720,0.383237,0.261044,0.480100,0.312292,0.207608,0.299319,0.550340,-0.160308,0.163890,-0.113853,0.129811,-0.020298,0.027971
127,C3_anneal,0.092032,0.052398,0.046016,1.000000,1.000000,0.355648,0.383445,0.260907,0.480510,0.312492,0.206998,0.299414,0.550208,-0.160554,0.163965,-0.114021,0.130118,-0.020637,0.028502
128,C3_anneal,0.089922,0.051186,0.044961,1.000000,1.000000,0.355689,0.383275,0.261036,0.480262,0.312762,0.206975,0.299522,0.550264,-0.160695,0.164174,-0.113895,0.129946,-0.020784,0.028768
129,C3_anneal,0.091266,0.048089,0.045633,1.000000,1.000000,0.355392,0.383486,0.261122,0.479852,0.312804,0.207345,0.299660,0.552194,-0.160763,0.164367,-0.113940,0.129966,-0.020818,0.028704
130,C3_anneal,0.091884,0.051452,0.045942,1.000000,1.000000,0.355559,0.383745,0.260696,0.479863,0.312830,0.207307,0.299812,0.553269,-0.160782,0.164350,-0.113886,0.129885,-0.020842,0.028716
131,C3_anneal,0.089982,0.050107,0.044991,1.000000,1.000000,0.355589,0.383539,0.260873,0.480000,0.312458,0.207542,0.299855,0.553160,-0.160849,0.164289,-0.113975,0.129917,-0.020985,0.029111
132,C3_anneal,0.091065,0.048892,0.045532,1.000000,1.000000,0.355562,0.383580,0.260858,0.479989,0.312336,0.207675,0.300138,0.554922,-0.161061,0.164588,-0.114014,0.130050,-0.021030,0.029140
133,C3_anneal,0.088181,0.051296,0.044091,1.000000,1.000000,0.355604,0.383743,0.260653,0.479850,0.312374,0.207776,0.300332,0.554944,-0.161327,0.164915,-0.114173,0.130185,-0.021145,0.029303
134,C3_anneal,0.090175,0.052468,0.045087,1.000000,1.000000,0.355660,0.383725,0.260616,0.479678,0.312488,0.207834,0.300460,0.555942,-0.161455,0.165094,-0.114242,0.130117,-0.021036,0.029181
135,C3_anneal,0.089545,0.048758,0.044773,1.000000,1.000000,0.355612,0.383714,0.260675,0.479405,0.312336,0.208260,0.300651,0.555516,-0.161723,0.165350,-0.114215,0.129941,-0.021140,0.029356
136,C3_anneal,0.087318,0.050304,0.043659,1.000000,1.000000,0.355974,0.383449,0.260576,0.479490,0.312395,0.208115,0.300820,0.554641,-0.162018,0.165693,-0.114127,0.130103,-0.021450,0.029758
137,C3_anneal,0.084599,0.049964,0.042300,1.000000,1.000000,0.355991,0.383627,0.260382,0.479728,0.312162,0.208110,0.300969,0.554950,-0.162042,0.165678,-0.114039,0.130054,-0.021249,0.029497
138,C3_anneal,0.088704,0.047747,0.044352,1.000000,1.000000,0.355934,0.383523,0.260543,0.479731,0.312049,0.208220,0.301105,0.555991,-0.162054,0.165880,-0.114228,0.130240,-0.021389,0.029698
139,C3_anneal,0.088476,0.049288,0.044238,1.000000,1.000000,0.355734,0.383698,0.260568,0.479901,0.311853,0.208246,0.301212,0.555588,-0.162400,0.166008,-0.114380,0.130403,-0.021401,0.029704
140,C3_anneal,0.088143,0.050071,0.044071,1.000000,1.000000,0.355853,0.383600,0.260547,0.479895,0.311853,0.208252,0.301270,0.555740,-0.162477,0.166127,-0.114563,0.130730,-0.021436,0.029838
141,C3_reliable_0p3,0.085094,0.048788,0.042547,1.000000,1.000000,0.356116,0.383438,0.260446,0.479507,0.311978,0.208515,0.301421,0.556589,-0.162504,0.166200,-0.114765,0.131092,-0.021415,0.029860
142,C3_reliable_0p3,0.086336,0.050061,0.043168,1.000000,1.000000,0.355838,0.383504,0.260658,0.479794,0.311823,0.208382,0.301518,0.556830,-0.162448,0.166245,-0.114797,0.131287,-0.021685,0.030188
143,C3_reliable_0p3,0.086733,0.049061,0.043367,1.000000,1.000000,0.355571,0.383381,0.261048,0.479491,0.311878,0.208631,0.301636,0.557896,-0.162675,0.166471,-0.114828,0.131310,-0.021844,0.030392
144,C3_reliable_0p3,0.085675,0.046661,0.042837,1.000000,1.000000,0.355781,0.383259,0.260960,0.479496,0.312091,0.208412,0.301772,0.557225,-0.162876,0.166626,-0.114865,0.131437,-0.022035,0.030582
145,C3_reliable_0p3,0.087358,0.049861,0.043679,1.000000,1.000000,0.355791,0.383526,0.260684,0.479701,0.311801,0.208498,0.301826,0.557071,-0.163105,0.166856,-0.114962,0.131228,-0.022221,0.030903
146,C3_reliable_0p3,0.085624,0.049314,0.042812,1.000000,1.000000,0.355678,0.383971,0.260351,0.479701,0.312083,0.208216,0.302028,0.557028,-0.163324,0.167246,-0.115217,0.131734,-0.022419,0.031289
147,C3_reliable_0p3,0.084914,0.046318,0.042457,1.000000,1.000000,0.355609,0.383736,0.260655,0.479603,0.312176,0.208221,0.302174,0.558412,-0.163687,0.167695,-0.115548,0.132169,-0.022705,0.031709
148,C3_reliable_0p3,0.082963,0.046683,0.041481,1.000000,1.000000,0.355562,0.383799,0.260640,0.479469,0.312177,0.208354,0.302414,0.557533,-0.163954,0.167813,-0.115931,0.132542,-0.022570,0.031516
149,C3_reliable_0p3,0.086803,0.050174,0.043401,1.000000,1.000000,0.355525,0.383856,0.260619,0.479695,0.311907,0.208398,0.302570,0.558403,-0.163995,0.167893,-0.115993,0.132497,-0.022565,0.031528
150,C3_reliable_0p3,0.086521,0.051256,0.043260,1.000000,1.000000,0.355606,0.383855,0.260538,0.479947,0.311761,0.208292,0.302694,0.559877,-0.164006,0.167938,-0.115932,0.132379,-0.022686,0.031589
