epoch,stage,total,bce,nc,q,anchor,consistency,consistency_weight,csr_alpha,csr_gate,p3_context,p3_current,p3_fine,p3_residual_ratio,p3_route_entropy,p3_route_spatial_std,p4_context,p4_current,p4_fine,p4_residual_ratio,p4_route_entropy,p4_route_spatial_std,pixel_reliability,q_max,q_min,sample_reliability,scale_loss
1,C3_broad_1to1,0.715049,0.418713,0.296336,2.000000,0.418713,0.000000,0.000000,0.010030,0.010030,0.376313,0.370573,0.253115,0.010139,0.918528,0.094232,0.386805,0.239350,0.373845,0.010134,0.947664,0.045739,0.977904,2.000000,2.000000,0.500000,0.000000
2,C3_broad_1to1,0.440275,0.252125,0.188149,2.000000,0.252125,0.000000,0.000000,0.010207,0.010207,0.435254,0.330256,0.234490,0.010311,0.813257,0.169352,0.394128,0.248224,0.357648,0.010308,0.922908,0.069448,0.977772,2.000000,2.000000,0.500000,0.000000
3,C3_broad_1to1,0.292737,0.165471,0.127266,2.000000,0.165471,0.000000,0.000000,0.010561,0.010561,0.451536,0.311280,0.237183,0.010697,0.770630,0.189784,0.403303,0.247569,0.349128,0.010662,0.884966,0.106974,0.978025,2.000000,2.000000,0.500000,0.000000
4,C3_broad_1to1,0.211292,0.116288,0.095004,2.000000,0.116288,0.000000,0.000000,0.011090,0.011090,0.462584,0.300576,0.236840,0.011562,0.761855,0.186218,0.398588,0.254416,0.346995,0.011192,0.869631,0.113874,0.978062,2.000000,2.000000,0.500000,0.000000
5,C3_broad_1to1,0.163436,0.086700,0.076737,2.000000,0.086700,0.000000,0.000000,0.011793,0.011793,0.468496,0.300791,0.230713,0.013110,0.760910,0.175033,0.396861,0.263376,0.339763,0.011895,0.859905,0.116967,0.978237,2.000000,2.000000,0.500000,0.000000
6,C3_broad_1to1,0.134489,0.067807,0.066682,2.000000,0.067807,0.000000,0.000000,0.012666,0.012666,0.465671,0.298888,0.235441,0.015369,0.768023,0.164383,0.396558,0.268284,0.335158,0.012771,0.854874,0.117800,0.978251,2.000000,2.000000,0.500000,0.000000
7,C3_broad_1to1,0.112860,0.053914,0.058946,2.000000,0.053914,0.000000,0.000000,0.013707,0.013707,0.460552,0.301337,0.238110,0.017945,0.774763,0.156468,0.391945,0.275421,0.332634,0.013812,0.852729,0.115821,0.978517,2.000000,2.000000,0.500000,0.000000
8,C3_broad_1to1,0.100564,0.045900,0.054664,2.000000,0.045900,0.000000,0.000000,0.014910,0.014910,0.462634,0.301960,0.235406,0.020492,0.774394,0.154125,0.394307,0.274704,0.330989,0.015000,0.845893,0.118600,0.977832,2.000000,2.000000,0.500000,0.000000
9,C3_broad_1to1,0.087909,0.037940,0.049969,2.000000,0.037940,0.000000,0.000000,0.016272,0.016272,0.465749,0.297595,0.236655,0.023640,0.782902,0.146736,0.392854,0.276214,0.330932,0.016404,0.843250,0.117264,0.978243,2.000000,2.000000,0.500000,0.000000
10,C3_broad_1to1,0.085253,0.035403,0.049850,2.000000,0.035403,0.000000,0.000000,0.017786,0.017786,0.465128,0.295157,0.239715,0.026733,0.787338,0.142765,0.390451,0.280900,0.328649,0.017937,0.843367,0.116347,0.978372,2.000000,2.000000,0.500000,0.000000
11,C3_broad_1to1,0.079101,0.031592,0.047509,2.000000,0.031592,0.000000,0.000000,0.019447,0.019447,0.465747,0.296574,0.237679,0.030088,0.785585,0.140809,0.391289,0.283308,0.325403,0.019706,0.839760,0.116404,0.977932,2.000000,2.000000,0.500000,0.000000
12,C3_broad_1to1,0.074806,0.029748,0.045058,2.000000,0.029748,0.000000,0.000000,0.021249,0.021249,0.464739,0.296898,0.238362,0.032499,0.787013,0.139836,0.390931,0.284975,0.324094,0.021653,0.837990,0.117726,0.977740,2.000000,2.000000,0.500000,0.000000
13,C3_broad_1to1,0.069073,0.025834,0.043240,2.000000,0.025834,0.000000,0.000000,0.023183,0.023183,0.464190,0.297836,0.237974,0.035961,0.789749,0.135540,0.388529,0.286366,0.325105,0.023631,0.837492,0.120064,0.978345,2.000000,2.000000,0.500000,0.000000
14,C3_broad_1to1,0.064817,0.024133,0.040684,2.000000,0.024133,0.000000,0.000000,0.025244,0.025244,0.464546,0.300243,0.235211,0.039235,0.789152,0.135919,0.388911,0.287294,0.323795,0.025699,0.835924,0.118015,0.978134,2.000000,2.000000,0.500000,0.000000
15,C3_broad_1to1,0.062322,0.022617,0.039705,2.000000,0.022617,0.000000,0.000000,0.027422,0.027422,0.464704,0.301332,0.233964,0.042968,0.787538,0.136053,0.389431,0.287565,0.323004,0.027956,0.834382,0.118573,0.978150,2.000000,2.000000,0.500000,0.000000
16,C3_broad_1to1,0.062954,0.022572,0.040382,2.000000,0.022572,0.000000,0.000000,0.029708,0.029708,0.462314,0.302436,0.235249,0.046598,0.791096,0.133667,0.391405,0.288218,0.320377,0.030363,0.831661,0.117632,0.977796,2.000000,2.000000,0.500000,0.000000
17,C3_broad_1to1,0.057699,0.020278,0.037421,2.000000,0.020278,0.000000,0.000000,0.032094,0.032094,0.461867,0.299879,0.238254,0.049724,0.793834,0.134270,0.389215,0.290717,0.320068,0.032811,0.831860,0.116986,0.977986,2.000000,2.000000,0.500000,0.000000
18,C3_broad_1to1,0.056186,0.019640,0.036547,2.000000,0.019640,0.000000,0.000000,0.034571,0.034571,0.462690,0.300050,0.237259,0.053643,0.790579,0.136050,0.391164,0.290057,0.318779,0.035503,0.833218,0.116186,0.978160,2.000000,2.000000,0.500000,0.000000
19,C3_broad_1to1,0.056222,0.019674,0.036548,2.000000,0.019674,0.000000,0.000000,0.037129,0.037129,0.460160,0.300796,0.239044,0.057553,0.792255,0.136378,0.391735,0.289732,0.318533,0.038094,0.829939,0.117658,0.978051,2.000000,2.000000,0.500000,0.000000
20,C3_broad_1to1,0.057444,0.020179,0.037265,2.000000,0.020179,0.000000,0.000000,0.039757,0.039757,0.462455,0.299052,0.238493,0.060687,0.792961,0.133531,0.390629,0.291722,0.317649,0.040517,0.832162,0.114495,0.977595,2.000000,2.000000,0.500000,0.000000
21,C3_broad_1to1,0.053458,0.018303,0.035155,2.000000,0.018303,0.000000,0.000000,0.042445,0.042445,0.461519,0.299830,0.238652,0.065997,0.793925,0.134118,0.391882,0.289810,0.318308,0.043278,0.832675,0.114552,0.978011,2.000000,2.000000,0.500000,0.000000
22,C3_broad_1to1,0.048320,0.016098,0.032221,2.000000,0.016098,0.000000,0.000000,0.045182,0.045182,0.460813,0.298796,0.240391,0.070636,0.790488,0.138003,0.389643,0.290868,0.319490,0.045949,0.834036,0.111228,0.978523,2.000000,2.000000,0.500000,0.000000
23,C3_broad_1to1,0.048884,0.016891,0.031993,1.999986,0.016891,0.000000,0.000000,0.047959,0.047959,0.461129,0.298763,0.240108,0.074636,0.795000,0.135025,0.387706,0.292849,0.319445,0.048679,0.835778,0.112709,0.978305,1.999986,1.999986,0.500000,0.000000
24,C3_broad_1to1,0.049296,0.016343,0.032953,1.999630,0.016343,0.000000,0.000000,0.050763,0.050763,0.459859,0.299183,0.240958,0.077389,0.795004,0.137632,0.384841,0.295054,0.320104,0.051553,0.835634,0.111633,0.978069,1.999630,1.999630,0.500000,0.000000
25,C3_broad_1to1,0.049718,0.016690,0.033029,1.998603,0.016690,0.000000,0.000000,0.053584,0.053584,0.459520,0.298367,0.242113,0.080971,0.796444,0.138629,0.382752,0.296774,0.320474,0.054274,0.839563,0.109371,0.977884,1.998603,1.998603,0.500000,0.000000
26,C3_broad_1to1,0.048428,0.015798,0.032630,1.996896,0.015798,0.000000,0.000000,0.056410,0.056410,0.460954,0.296615,0.242431,0.085204,0.801361,0.134383,0.385566,0.293695,0.320739,0.057033,0.841774,0.107832,0.978122,1.996896,1.996896,0.500000,0.000000
27,C3_broad_1to1,0.043699,0.014060,0.029639,1.994512,0.014060,0.000000,0.000000,0.059231,0.059231,0.458196,0.297683,0.244121,0.090006,0.803771,0.133536,0.385548,0.294656,0.319796,0.059675,0.838363,0.107933,0.978076,1.994512,1.994512,0.500000,0.000000
28,C3_broad_1to1,0.044865,0.014448,0.030417,1.991457,0.014448,0.000000,0.000000,0.062036,0.062036,0.459275,0.296594,0.244131,0.093445,0.807909,0.132197,0.385737,0.293032,0.321231,0.062603,0.840708,0.103345,0.978140,1.991457,1.991457,0.500000,0.000000
29,C3_broad_1to1,0.044839,0.014846,0.029993,1.987741,0.014846,0.000000,0.000000,0.064812,0.064812,0.456460,0.298595,0.244944,0.097085,0.809811,0.130230,0.388198,0.293650,0.318152,0.065478,0.838652,0.106461,0.978360,1.987741,1.987741,0.500000,0.000000
30,C3_broad_1to1,0.045758,0.014476,0.031282,1.983373,0.014476,0.000000,0.000000,0.067550,0.067550,0.456624,0.297368,0.246008,0.101643,0.812884,0.129557,0.387040,0.294650,0.318310,0.068236,0.840249,0.106338,0.978605,1.983373,1.983373,0.500000,0.000000
31,C3_broad_1to1,0.042315,0.013184,0.029131,1.978366,0.013184,0.000000,0.000000,0.070238,0.070238,0.454967,0.299083,0.245950,0.105365,0.816452,0.128227,0.385327,0.297184,0.317490,0.070953,0.844768,0.102875,0.978376,1.978366,1.978366,0.500000,0.000000
32,C3_broad_1to1,0.043764,0.014574,0.029190,1.972732,0.014574,0.000000,0.000000,0.072866,0.072866,0.458477,0.295131,0.246392,0.111501,0.814461,0.129657,0.384623,0.297304,0.318073,0.073405,0.848351,0.102734,0.977786,1.972732,1.972732,0.500000,0.000000
33,C3_broad_1to1,0.042085,0.013754,0.028331,1.966488,0.013754,0.000000,0.000000,0.075424,0.075424,0.456681,0.295448,0.247871,0.113810,0.816816,0.127916,0.383967,0.296427,0.319606,0.076012,0.845259,0.103330,0.977844,1.966488,1.966488,0.500000,0.000000
34,C3_broad_1to1,0.043617,0.014173,0.029444,1.959651,0.014173,0.000000,0.000000,0.077901,0.077901,0.457856,0.294965,0.247179,0.114920,0.816515,0.128492,0.383716,0.297085,0.319199,0.078379,0.846009,0.102465,0.978193,1.959651,1.959651,0.500000,0.000000
35,C3_broad_1to1,0.042446,0.013239,0.029206,1.952239,0.013239,0.000000,0.000000,0.080287,0.080287,0.457309,0.296152,0.246538,0.118029,0.816086,0.129367,0.383186,0.296549,0.320265,0.080993,0.845910,0.101333,0.978379,1.952239,1.952239,0.500000,0.000000
36,C3_broad_1to1,0.040330,0.012473,0.027857,1.944272,0.012473,0.000000,0.000000,0.082574,0.082574,0.456317,0.295230,0.248453,0.122220,0.817126,0.130774,0.385553,0.296262,0.318185,0.083187,0.845070,0.101663,0.978193,1.944272,1.944272,0.500000,0.000000
37,C3_broad_1to1,0.039343,0.011937,0.027406,1.935774,0.011937,0.000000,0.000000,0.084752,0.084752,0.457262,0.294842,0.247897,0.125975,0.817948,0.130816,0.385379,0.295171,0.319450,0.085266,0.846608,0.104840,0.978296,1.935774,1.935774,0.500000,0.000000
38,C3_broad_1to1,0.038786,0.011881,0.026905,1.926766,0.011881,0.000000,0.000000,0.086813,0.086813,0.455564,0.294309,0.250128,0.128346,0.820951,0.129653,0.385852,0.294487,0.319661,0.087539,0.844424,0.106467,0.978018,1.926766,1.926766,0.500000,0.000000
39,C3_broad_1to1,0.041592,0.012835,0.028757,1.917273,0.012835,0.000000,0.000000,0.088748,0.088748,0.455238,0.293626,0.251136,0.131429,0.821474,0.129045,0.384951,0.295734,0.319314,0.089480,0.846389,0.104341,0.977851,1.917273,1.917273,0.500000,0.000000
40,C3_broad_1to1,0.038322,0.011261,0.027061,1.907322,0.011261,0.000000,0.000000,0.090549,0.090549,0.455480,0.293777,0.250743,0.133020,0.823330,0.128461,0.382920,0.297329,0.319751,0.091356,0.846050,0.104309,0.978374,1.907322,1.907322,0.500000,0.000000
41,C3_broad_1to1,0.039179,0.011524,0.027655,1.896940,0.011524,0.000000,0.000000,0.092211,0.092211,0.456217,0.292841,0.250941,0.137410,0.822967,0.127090,0.381345,0.298553,0.320102,0.092904,0.847530,0.103417,0.978167,1.896940,1.896940,0.500000,0.000000
42,C3_broad_1to1,0.037538,0.011017,0.026521,1.886155,0.011017,0.000000,0.000000,0.093726,0.093726,0.455320,0.293281,0.251399,0.137612,0.823855,0.126776,0.382931,0.298184,0.318884,0.094157,0.845158,0.104606,0.977942,1.886155,1.886155,0.500000,0.000000
43,C3_broad_1to1,0.037730,0.010881,0.026849,1.874997,0.010881,0.000000,0.000000,0.095087,0.095087,0.455520,0.292634,0.251846,0.140962,0.824812,0.127516,0.383866,0.299645,0.316489,0.095519,0.845688,0.102078,0.978243,1.874997,1.874997,0.500000,0.000000
44,C3_broad_1to1,0.037906,0.010725,0.027182,1.863496,0.010725,0.000000,0.000000,0.096291,0.096291,0.456772,0.291182,0.252046,0.144652,0.822317,0.129284,0.382663,0.299488,0.317849,0.096747,0.845603,0.101187,0.978082,1.863496,1.863496,0.500000,0.000000
45,C3_broad_1to1,0.037437,0.010458,0.026979,1.851684,0.010458,0.000000,0.000000,0.097332,0.097332,0.455041,0.291971,0.252988,0.144213,0.824160,0.127929,0.385315,0.298792,0.315893,0.097806,0.843660,0.103862,0.978074,1.851684,1.851684,0.500000,0.000000
46,C3_broad_1to1,0.037393,0.010712,0.026681,1.839594,0.010712,0.000000,0.000000,0.098205,0.098205,0.454064,0.290943,0.254993,0.145641,0.825522,0.128361,0.381649,0.300008,0.318343,0.098794,0.847187,0.102630,0.977927,1.839594,1.839594,0.500000,0.000000
47,C3_broad_1to1,0.037888,0.010706,0.027182,1.827258,0.010706,0.000000,0.000000,0.098908,0.098908,0.454764,0.291066,0.254170,0.146632,0.824927,0.129146,0.382004,0.299439,0.318557,0.099486,0.848159,0.102986,0.977872,1.827258,1.827258,0.500000,0.000000
48,C3_broad_1to1,0.037610,0.010352,0.027258,1.814710,0.010352,0.000000,0.000000,0.099438,0.099438,0.453368,0.290775,0.255858,0.147772,0.827527,0.127630,0.382305,0.300323,0.317372,0.099983,0.847869,0.103362,0.978104,1.814710,1.814710,0.500000,0.000000
49,C3_broad_1to1,0.036996,0.009930,0.027066,1.801985,0.009930,0.000000,0.000000,0.099793,0.099793,0.453398,0.289795,0.256807,0.147381,0.831185,0.126422,0.383287,0.300738,0.315975,0.100299,0.848722,0.102926,0.978057,1.801985,1.801985,0.500000,0.000000
50,C3_broad_1to1,0.037531,0.010046,0.027486,1.789117,0.010046,0.000000,0.000000,0.099970,0.099970,0.452396,0.291724,0.255880,0.149352,0.829611,0.127107,0.381954,0.300817,0.317230,0.100600,0.846730,0.102001,0.978053,1.789117,1.789117,0.500000,0.000000
51,C3_broad_1to1,0.038199,0.010050,0.028149,1.776142,0.010050,0.000000,0.000000,0.100061,0.100061,0.452413,0.291471,0.256116,0.145529,0.828000,0.127703,0.381691,0.304066,0.314243,0.100727,0.844345,0.104200,0.978257,1.776142,1.776142,0.500000,0.000000
52,C3_broad_1to1,0.037264,0.009854,0.027411,1.763095,0.009854,0.000000,0.000000,0.100425,0.100425,0.453230,0.290646,0.256124,0.148427,0.827221,0.126545,0.384708,0.302948,0.312344,0.101383,0.842271,0.104253,0.978193,1.763095,1.763095,0.500000,0.000000
53,C3_broad_1to1,0.036466,0.009244,0.027221,1.750013,0.009244,0.000000,0.000000,0.101154,0.101154,0.452809,0.291458,0.255733,0.152563,0.828374,0.126008,0.384025,0.302682,0.313293,0.102065,0.841329,0.104918,0.978284,1.750013,1.750013,0.500000,0.000000
54,C3_broad_1to1,0.036370,0.009468,0.026903,1.736930,0.009468,0.000000,0.000000,0.102241,0.102241,0.454642,0.289514,0.255845,0.155235,0.830103,0.125626,0.383174,0.303271,0.313555,0.103208,0.845894,0.103401,0.978065,1.736930,1.736930,0.500000,0.000000
55,C3_broad_1to1,0.039615,0.009971,0.029645,1.723884,0.009971,0.000000,0.000000,0.103684,0.103684,0.454301,0.287707,0.257992,0.156107,0.830574,0.125882,0.383591,0.300524,0.315885,0.104517,0.844234,0.104850,0.978244,1.723884,1.723884,0.500000,0.000000
56,C3_broad_1to1,0.037319,0.009096,0.028223,1.710909,0.009096,0.000000,0.000000,0.105473,0.105473,0.454731,0.288522,0.256747,0.157537,0.830797,0.126653,0.383806,0.300556,0.315638,0.106459,0.843199,0.103547,0.978345,1.710909,1.710909,0.500000,0.000000
57,C3_broad_1to1,0.037513,0.009294,0.028219,1.698041,0.009294,0.000000,0.000000,0.107602,0.107602,0.454179,0.288406,0.257415,0.160666,0.829530,0.128915,0.381337,0.301010,0.317653,0.108578,0.842876,0.102423,0.978057,1.698041,1.698041,0.500000,0.000000
58,C3_broad_1to1,0.036809,0.008677,0.028132,1.685315,0.008677,0.000000,0.000000,0.110059,0.110059,0.453348,0.289572,0.257080,0.164096,0.832452,0.127522,0.380313,0.301555,0.318132,0.110988,0.847574,0.103059,0.978426,1.685315,1.685315,0.500000,0.000000
59,C3_broad_1to1,0.036589,0.008834,0.027755,1.672767,0.008834,0.000000,0.000000,0.112832,0.112832,0.454207,0.287979,0.257815,0.167668,0.830552,0.127947,0.378746,0.302362,0.318891,0.113504,0.846592,0.104796,0.977995,1.672767,1.672767,0.500000,0.000000
60,C3_broad_1to1,0.035481,0.008257,0.027224,1.660430,0.008257,0.000000,0.000000,0.115908,0.115908,0.452880,0.289341,0.257780,0.171432,0.831946,0.128275,0.380907,0.301820,0.317272,0.116754,0.847054,0.104717,0.978423,1.660430,1.660430,0.500000,0.000000
61,C3_anneal,0.040224,0.009735,0.030488,1.648339,0.009735,0.000000,0.000000,0.119272,0.119272,0.453704,0.290234,0.256062,0.175315,0.833919,0.126629,0.382700,0.301761,0.315539,0.120000,0.850353,0.103296,0.978127,1.648339,1.648339,0.500000,0.000000
62,C3_anneal,0.038514,0.009154,0.029361,1.636527,0.009154,0.000000,0.000000,0.122907,0.122907,0.453008,0.290064,0.256927,0.180687,0.837268,0.124134,0.379642,0.302360,0.317998,0.123763,0.849663,0.101189,0.977817,1.636527,1.636527,0.500000,0.000000
63,C3_anneal,0.036840,0.008228,0.028612,1.625026,0.008228,0.000000,0.000000,0.126797,0.126797,0.451683,0.290655,0.257662,0.187252,0.839851,0.123227,0.380661,0.301118,0.318221,0.127353,0.847418,0.101668,0.978468,1.625026,1.625026,0.500000,0.000000
64,C3_anneal,0.036826,0.008234,0.028592,1.613867,0.008234,0.000000,0.000000,0.130921,0.130921,0.452588,0.290028,0.257384,0.190505,0.837047,0.124640,0.384403,0.299008,0.316589,0.131624,0.847766,0.104260,0.978124,1.613867,1.613867,0.500000,0.000000
65,C3_anneal,0.038357,0.008792,0.029565,1.603081,0.008792,0.000000,0.000000,0.135260,0.135260,0.451419,0.291972,0.256608,0.197006,0.836036,0.123919,0.382628,0.300351,0.317021,0.135980,0.850130,0.101657,0.978094,1.603081,1.603081,0.500000,0.000000
66,C3_anneal,0.037472,0.008177,0.029295,1.592698,0.008177,0.000000,0.000000,0.139792,0.139792,0.450675,0.291025,0.258299,0.202146,0.840092,0.122369,0.382548,0.300469,0.316983,0.140528,0.847578,0.103336,0.978341,1.592698,1.592698,0.500000,0.000000
67,C3_anneal,0.038311,0.008278,0.030033,1.582746,0.008278,0.000000,0.000000,0.144496,0.144496,0.451097,0.289445,0.259458,0.206107,0.842639,0.122255,0.384040,0.300905,0.315056,0.144859,0.850127,0.103090,0.977947,1.582746,1.582746,0.500000,0.000000
68,C3_anneal,0.037655,0.008646,0.029010,1.573243,0.008646,0.000000,0.000000,0.149349,0.149349,0.450507,0.290542,0.258951,0.213435,0.841293,0.123225,0.384060,0.298521,0.317419,0.149743,0.849670,0.104955,0.977691,1.573243,1.573243,0.500000,0.000000
69,C3_anneal,0.037937,0.008037,0.029900,1.564002,0.008037,0.000000,0.000000,0.154326,0.154326,0.450717,0.289925,0.259358,0.221111,0.841639,0.122627,0.381705,0.300323,0.317972,0.154647,0.852322,0.102819,0.977977,1.564002,1.564002,0.500000,0.000000
70,C3_anneal,0.037798,0.008197,0.029601,1.554832,0.008197,0.000000,0.000000,0.159405,0.159405,0.451463,0.288856,0.259681,0.225894,0.842908,0.122421,0.381906,0.299446,0.318648,0.159748,0.855044,0.102144,0.977955,1.554832,1.554832,0.500000,0.000000
71,C3_anneal,0.039198,0.008491,0.030707,1.545751,0.008491,0.000000,0.000000,0.164559,0.164559,0.452144,0.288842,0.259014,0.232978,0.842872,0.123302,0.383635,0.297624,0.318741,0.164887,0.852807,0.105097,0.977850,1.545751,1.545751,0.500000,0.000000
72,C3_anneal,0.038601,0.008368,0.030233,1.536783,0.008368,0.000000,0.000000,0.169764,0.169764,0.451236,0.288938,0.259826,0.236494,0.843043,0.124281,0.383223,0.296790,0.319987,0.170055,0.855741,0.100992,0.978117,1.536783,1.536783,0.500000,0.000000
73,C3_anneal,0.037062,0.007880,0.029183,1.527956,0.007880,0.000000,0.000000,0.174995,0.174995,0.450485,0.289290,0.260225,0.242102,0.843641,0.124856,0.382323,0.297109,0.320569,0.175370,0.856123,0.099859,0.977977,1.527956,1.527956,0.500000,0.000000
74,C3_anneal,0.037475,0.008028,0.029448,1.519294,0.008028,0.000000,0.000000,0.180226,0.180226,0.450364,0.287881,0.261755,0.246425,0.845185,0.122963,0.386075,0.295126,0.318799,0.180484,0.854425,0.100185,0.977734,1.519294,1.519294,0.500000,0.000000
75,C3_anneal,0.038878,0.008242,0.030636,1.510824,0.008242,0.000000,0.000000,0.185431,0.185431,0.449731,0.288245,0.262024,0.252411,0.845261,0.123531,0.386207,0.294846,0.318947,0.185763,0.853223,0.101248,0.977909,1.510824,1.510824,0.500000,0.000000
76,C3_anneal,0.043547,0.009385,0.034161,1.502571,0.009385,0.000000,0.000000,0.190585,0.190585,0.450049,0.287765,0.262187,0.262061,0.845082,0.122706,0.385129,0.294314,0.320557,0.190944,0.855189,0.099523,0.977964,1.502571,1.502571,0.500000,0.000000
77,C3_anneal,0.038015,0.007684,0.030331,1.494561,0.007684,0.000000,0.000000,0.195664,0.195664,0.449224,0.287701,0.263074,0.265073,0.844887,0.123381,0.385634,0.295045,0.319321,0.195846,0.852955,0.100109,0.978134,1.494561,1.494561,0.500000,0.000000
78,C3_anneal,0.038353,0.007410,0.030943,1.486818,0.007410,0.000000,0.000000,0.200641,0.200641,0.450401,0.287039,0.262559,0.271680,0.848035,0.121202,0.383561,0.295631,0.320807,0.200843,0.852423,0.098586,0.977984,1.486818,1.486818,0.500000,0.000000
79,C3_anneal,0.038162,0.007693,0.030470,1.479367,0.007693,0.000000,0.000000,0.205494,0.205494,0.449694,0.287476,0.262830,0.276553,0.849769,0.120902,0.383172,0.296178,0.320650,0.205647,0.855089,0.099074,0.977774,1.479367,1.479367,0.500000,0.000000
80,C3_anneal,0.037972,0.007615,0.030357,1.472233,0.007615,0.000000,0.000000,0.210199,0.210199,0.449289,0.287488,0.263223,0.281093,0.853713,0.118486,0.383827,0.295833,0.320340,0.210321,0.856366,0.098965,0.978187,1.472233,1.472233,0.500000,0.000000
81,C3_anneal,0.038112,0.007558,0.030554,1.465438,0.007558,0.000000,0.000000,0.214731,0.214731,0.449534,0.288173,0.262293,0.285323,0.854523,0.118104,0.384906,0.294333,0.320760,0.214832,0.858001,0.097473,0.978222,1.465438,1.465438,0.500000,0.000000
82,C3_anneal,0.037006,0.007357,0.029649,1.459006,0.007357,0.000000,0.000000,0.219071,0.219071,0.448944,0.288626,0.262431,0.289192,0.852791,0.120485,0.388530,0.294597,0.316873,0.219159,0.857511,0.098744,0.978067,1.459006,1.459006,0.500000,0.000000
83,C3_anneal,0.038589,0.007618,0.030971,1.452945,0.007618,0.000000,0.000000,0.223195,0.223195,0.449093,0.288105,0.262802,0.288847,0.856480,0.119070,0.385899,0.294980,0.319121,0.223278,0.859680,0.097645,0.978186,1.452945,1.452945,0.500000,0.000000
84,C3_anneal,0.037822,0.007290,0.030532,1.446947,0.007290,0.000000,0.000000,0.227085,0.227085,0.448945,0.287572,0.263483,0.288903,0.854655,0.120396,0.386451,0.293096,0.320453,0.227129,0.858661,0.097820,0.978211,1.446947,1.446947,0.500000,0.000000
85,C3_anneal,0.037516,0.007289,0.030227,1.440707,0.007289,0.000000,0.000000,0.230721,0.230721,0.449715,0.287412,0.262873,0.294830,0.853448,0.121112,0.385135,0.293284,0.321581,0.230764,0.858438,0.099125,0.977961,1.440707,1.440707,0.500000,0.000000
86,C3_anneal,0.038636,0.007412,0.031224,1.434231,0.007412,0.000000,0.000000,0.234086,0.234086,0.450032,0.287162,0.262806,0.299584,0.853901,0.119669,0.384752,0.294299,0.320949,0.234162,0.860599,0.098341,0.977886,1.434231,1.434231,0.500000,0.000000
87,C3_anneal,0.038794,0.007623,0.031171,1.427544,0.007623,0.000000,0.000000,0.237162,0.237162,0.450565,0.286836,0.262599,0.305442,0.857232,0.116866,0.385370,0.294233,0.320397,0.237180,0.863623,0.095120,0.977923,1.427544,1.427544,0.500000,0.000000
88,C3_anneal,0.038745,0.007228,0.031517,1.420668,0.007228,0.000000,0.000000,0.239936,0.239936,0.448477,0.287718,0.263805,0.304690,0.856575,0.118671,0.384003,0.295001,0.320996,0.239956,0.863555,0.095536,0.978026,1.420668,1.420668,0.500000,0.000000
89,C3_anneal,0.038100,0.007288,0.030812,1.413628,0.007288,0.000000,0.000000,0.242394,0.242394,0.448883,0.286418,0.264699,0.306022,0.857123,0.118939,0.383193,0.294496,0.322311,0.242415,0.863973,0.096847,0.978123,1.413628,1.413628,0.500000,0.000000
90,C3_anneal,0.038187,0.007466,0.030721,1.406451,0.007466,0.000000,0.000000,0.244523,0.244523,0.448469,0.286286,0.265245,0.305494,0.856468,0.118896,0.382925,0.293979,0.323096,0.244563,0.865300,0.096119,0.978064,1.406451,1.406451,0.500000,0.000000
91,C3_anneal,0.037419,0.006930,0.030489,1.399161,0.006930,0.000000,0.000000,0.246313,0.246313,0.447608,0.286175,0.266217,0.305485,0.859301,0.117077,0.383950,0.292527,0.323524,0.246339,0.866147,0.096179,0.977896,1.399161,1.399161,0.500000,0.000000
92,C3_anneal,0.041896,0.008570,0.033326,1.391784,0.008570,0.000000,0.000000,0.247756,0.247756,0.447915,0.287034,0.265051,0.308627,0.859179,0.116094,0.383409,0.293009,0.323582,0.247786,0.864789,0.096252,0.978206,1.391784,1.391784,0.500000,0.000000
93,C3_anneal,0.041341,0.008114,0.033226,1.384347,0.008114,0.000000,0.000000,0.248845,0.248845,0.446165,0.288445,0.265390,0.309390,0.856087,0.118271,0.382581,0.292661,0.324759,0.248858,0.866836,0.096714,0.978182,1.384347,1.384347,0.500000,0.000000
94,C3_anneal,0.038551,0.007108,0.031443,1.376877,0.007108,0.000000,0.000000,0.249573,0.249573,0.447167,0.287083,0.265750,0.310208,0.857751,0.118617,0.382607,0.292334,0.325059,0.249588,0.867617,0.096314,0.978272,1.376877,1.376877,0.500000,0.000000
95,C3_anneal,0.038718,0.007135,0.031583,1.369400,0.007135,0.000000,0.000000,0.249939,0.249939,0.446190,0.288129,0.265681,0.307296,0.856688,0.119504,0.383886,0.291778,0.324335,0.249952,0.867177,0.096919,0.978023,1.369400,1.369400,0.500000,0.000000
96,C3_anneal,0.038883,0.006914,0.031969,1.361943,0.006914,0.000000,0.000000,0.250000,0.250000,0.446428,0.286430,0.267142,0.307035,0.858589,0.118555,0.382501,0.292134,0.325365,0.250009,0.869370,0.097067,0.978083,1.361943,1.361943,0.500000,0.000000
97,C3_anneal,0.038568,0.006714,0.031854,1.354533,0.006714,0.000000,0.000000,0.250000,0.250000,0.445535,0.287045,0.267420,0.308463,0.859029,0.118409,0.380370,0.294045,0.325584,0.250005,0.871829,0.095886,0.978346,1.354533,1.354533,0.500000,0.000000
98,C3_anneal,0.039689,0.006805,0.032884,1.347196,0.006805,0.000000,0.000000,0.250000,0.250000,0.445013,0.287953,0.267034,0.308802,0.858146,0.119020,0.379329,0.294001,0.326670,0.250005,0.872700,0.094957,0.978571,1.347196,1.347196,0.500000,0.000000
99,C3_anneal,0.042355,0.008056,0.034299,1.339959,0.008056,0.000000,0.000000,0.250000,0.250000,0.447794,0.286414,0.265792,0.311044,0.857286,0.119695,0.380816,0.292128,0.327056,0.250005,0.873622,0.094165,0.978055,1.339959,1.339959,0.500000,0.000000
100,C3_anneal,0.039637,0.007043,0.032594,1.332847,0.007043,0.000000,0.000000,0.250000,0.250000,0.449696,0.285465,0.264839,0.310518,0.854712,0.121143,0.381903,0.290536,0.327561,0.250005,0.872102,0.094123,0.978326,1.332847,1.332847,0.500000,0.000000
101,C3_anneal,0.038912,0.007180,0.031732,1.325886,0.007180,0.000000,0.000000,0.250000,0.250000,0.448458,0.286621,0.264921,0.307524,0.854262,0.121955,0.381504,0.290143,0.328353,0.250005,0.871486,0.095796,0.978208,1.325886,1.325886,0.500000,0.000000
102,C3_anneal,0.038236,0.006606,0.031630,1.319101,0.006606,0.000000,0.000000,0.250000,0.250000,0.447267,0.287100,0.265633,0.304544,0.858546,0.118080,0.378672,0.290965,0.330363,0.250005,0.872322,0.095665,0.978367,1.319101,1.319101,0.500000,0.000000
103,C3_anneal,0.037887,0.006358,0.031529,1.312516,0.006358,0.000000,0.000000,0.250000,0.250000,0.445824,0.287252,0.266924,0.306015,0.858362,0.119065,0.379017,0.291020,0.329963,0.250005,0.872932,0.095094,0.978503,1.312516,1.312516,0.500000,0.000000
104,C3_anneal,0.037118,0.006576,0.030542,1.306154,0.006576,0.000000,0.000000,0.250000,0.250000,0.444576,0.287449,0.267975,0.304840,0.859178,0.118205,0.379699,0.291668,0.328632,0.250005,0.873972,0.094050,0.977988,1.306154,1.306154,0.500000,0.000000
105,C3_anneal,0.038906,0.006838,0.032068,1.300039,0.006838,0.000000,0.000000,0.250000,0.250000,0.445369,0.286672,0.267959,0.306287,0.860738,0.116341,0.382112,0.292010,0.325878,0.250007,0.872044,0.095081,0.978114,1.300039,1.300039,0.500000,0.000000
106,C3_anneal,0.040616,0.006863,0.033753,1.294193,0.006863,0.000000,0.000000,0.250000,0.250000,0.446347,0.287912,0.265741,0.302860,0.856933,0.119263,0.382959,0.292365,0.324676,0.250005,0.869989,0.095869,0.978339,1.294193,1.294193,0.500000,0.000000
107,C3_anneal,0.039213,0.006369,0.032844,1.288635,0.006369,0.000000,0.000000,0.250000,0.250000,0.447092,0.287548,0.265361,0.299959,0.858944,0.118071,0.386346,0.289300,0.324353,0.250005,0.873470,0.096494,0.978635,1.288635,1.288635,0.500000,0.000000
108,C3_anneal,0.038407,0.006427,0.031980,1.283387,0.006427,0.000000,0.000000,0.250000,0.250000,0.447946,0.286330,0.265725,0.300524,0.858553,0.118458,0.386115,0.287703,0.326182,0.250005,0.874076,0.095148,0.978194,1.283387,1.283387,0.500000,0.000000
109,C3_anneal,0.040062,0.006757,0.033304,1.278467,0.006757,0.000000,0.000000,0.250000,0.250000,0.447113,0.286355,0.266532,0.304929,0.858169,0.118698,0.385443,0.289245,0.325313,0.250005,0.872602,0.096386,0.978319,1.278467,1.278467,0.500000,0.000000
110,C3_anneal,0.038830,0.006817,0.032013,1.273892,0.006817,0.000000,0.000000,0.250000,0.250000,0.445942,0.287683,0.266375,0.302144,0.858139,0.119364,0.384645,0.288270,0.327085,0.250005,0.873097,0.095971,0.978676,1.273892,1.273892,0.500000,0.000000
111,C3_anneal,0.039316,0.006770,0.032545,1.269680,0.006770,0.000000,0.000000,0.250000,0.250000,0.445498,0.288154,0.266348,0.305097,0.855603,0.121016,0.381623,0.290722,0.327654,0.250005,0.871751,0.096289,0.978258,1.269680,1.269680,0.500000,0.000000
112,C3_anneal,0.037573,0.006553,0.031020,1.265844,0.006553,0.000000,0.000000,0.250000,0.250000,0.444602,0.287942,0.267457,0.307704,0.854677,0.122043,0.383377,0.288623,0.328001,0.250005,0.873280,0.095507,0.978199,1.265844,1.265844,0.500000,0.000000
113,C3_anneal,0.039449,0.006567,0.032882,1.262399,0.006567,0.000000,0.000000,0.250000,0.250000,0.444299,0.285846,0.269855,0.301199,0.856147,0.121404,0.384338,0.289893,0.325769,0.250006,0.873236,0.096876,0.978315,1.262399,1.262399,0.500000,0.000000
114,C3_anneal,0.039156,0.006499,0.032657,1.259357,0.006499,0.000000,0.000000,0.250000,0.250000,0.444842,0.286125,0.269033,0.305264,0.857785,0.119474,0.382991,0.291247,0.325762,0.250005,0.873499,0.096369,0.978002,1.259357,1.259357,0.500000,0.000000
115,C3_anneal,0.038555,0.006540,0.032015,1.256729,0.006540,0.000000,0.000000,0.250000,0.250000,0.445616,0.286053,0.268331,0.302154,0.859333,0.118326,0.380847,0.293076,0.326077,0.250005,0.875754,0.094749,0.978102,1.256729,1.256729,0.500000,0.000000
116,C3_anneal,0.036995,0.006231,0.030764,1.254525,0.006231,0.000000,0.000000,0.250000,0.250000,0.445227,0.287720,0.267053,0.299341,0.858499,0.119109,0.381348,0.290976,0.327676,0.250005,0.875689,0.094589,0.978375,1.254525,1.254525,0.500000,0.000000
117,C3_anneal,0.038213,0.006883,0.031331,1.252751,0.006883,0.000000,0.000000,0.250000,0.250000,0.446088,0.287795,0.266117,0.296817,0.860206,0.117644,0.379745,0.291947,0.328307,0.250005,0.875679,0.094507,0.978246,1.252751,1.252751,0.500000,0.000000
118,C3_anneal,0.036631,0.006130,0.030500,1.251416,0.006130,0.000000,0.000000,0.250000,0.250000,0.445396,0.286616,0.267988,0.300566,0.860952,0.117399,0.379603,0.293289,0.327108,0.250005,0.875715,0.094324,0.978280,1.251416,1.251416,0.500000,0.000000
119,C3_anneal,0.037849,0.006222,0.031627,1.250522,0.006222,0.000000,0.000000,0.250000,0.250000,0.444440,0.286740,0.268820,0.299272,0.861379,0.116939,0.380007,0.292650,0.327343,0.250006,0.873673,0.093298,0.978301,1.250522,1.250522,0.500000,0.000000
120,C3_anneal,0.036233,0.006194,0.030039,1.250075,0.006194,0.000000,0.000000,0.250000,0.250000,0.443751,0.286507,0.269742,0.296901,0.861806,0.117029,0.378464,0.294562,0.326974,0.250006,0.876235,0.092378,0.978173,1.250075,1.250075,0.500000,0.000000
121,C3_anneal,0.035497,0.005893,0.029605,1.250000,0.005893,0.000000,0.000000,0.250000,0.250000,0.442898,0.286729,0.270373,0.293203,0.862977,0.117295,0.378736,0.292935,0.328329,0.250005,0.877821,0.092448,0.978536,1.250000,1.250000,0.500000,0.000000
122,C3_anneal,0.035727,0.005936,0.029790,1.250000,0.005936,0.000000,0.000000,0.250000,0.250000,0.443239,0.286640,0.270121,0.294390,0.861765,0.118177,0.379005,0.293480,0.327515,0.250005,0.877561,0.092654,0.978115,1.250000,1.250000,0.500000,0.000000
123,C3_anneal,0.034038,0.005693,0.028345,1.250000,0.005693,0.000000,0.000000,0.250000,0.250000,0.443129,0.286755,0.270116,0.294112,0.861956,0.118098,0.378979,0.293913,0.327107,0.250005,0.877675,0.092833,0.978500,1.250000,1.250000,0.500000,0.000000
124,C3_anneal,0.034006,0.005417,0.028589,1.250000,0.005417,0.000000,0.000000,0.250000,0.250000,0.443485,0.286564,0.269951,0.294106,0.862608,0.117327,0.379017,0.293998,0.326986,0.250005,0.877487,0.092879,0.978684,1.250000,1.250000,0.500000,0.000000
125,C3_anneal,0.033625,0.005570,0.028055,1.250000,0.005570,0.000000,0.000000,0.250000,0.250000,0.443821,0.286257,0.269922,0.294467,0.862919,0.117037,0.378776,0.294242,0.326982,0.250005,0.877681,0.093070,0.978415,1.250000,1.250000,0.500000,0.000000
126,C3_anneal,0.033572,0.005591,0.027981,1.250000,0.005591,0.000000,0.000000,0.250000,0.250000,0.443831,0.286219,0.269951,0.295300,0.862687,0.117021,0.378462,0.294304,0.327234,0.250005,0.877521,0.093392,0.978383,1.250000,1.250000,0.500000,0.000000
127,C3_anneal,0.033811,0.005534,0.028277,1.250000,0.005534,0.000000,0.000000,0.250000,0.250000,0.444081,0.285894,0.270025,0.295701,0.861839,0.117565,0.378602,0.294149,0.327249,0.250005,0.877519,0.093504,0.978349,1.250000,1.250000,0.500000,0.000000
128,C3_anneal,0.032918,0.005239,0.027679,1.250000,0.005239,0.000000,0.000000,0.250000,0.250000,0.443972,0.286096,0.269931,0.294277,0.862213,0.117548,0.378447,0.294166,0.327387,0.250005,0.877860,0.093647,0.978434,1.250000,1.250000,0.500000,0.000000
129,C3_anneal,0.031844,0.005171,0.026673,1.250000,0.005171,0.000000,0.000000,0.250000,0.250000,0.443894,0.285966,0.270140,0.294913,0.862820,0.117176,0.378157,0.294137,0.327705,0.250005,0.878002,0.094107,0.978595,1.250000,1.250000,0.500000,0.000000
130,C3_anneal,0.032050,0.005329,0.026721,1.250000,0.005329,0.000000,0.000000,0.250000,0.250000,0.443959,0.286033,0.270009,0.294693,0.862660,0.117049,0.378372,0.293917,0.327711,0.250005,0.877975,0.093825,0.978404,1.250000,1.250000,0.500000,0.000000
131,C3_anneal,0.032665,0.005383,0.027283,1.250000,0.005383,0.000000,0.000000,0.250000,0.250000,0.443812,0.286191,0.269997,0.293998,0.862414,0.117100,0.378361,0.294076,0.327563,0.250005,0.878477,0.093826,0.978423,1.250000,1.250000,0.500000,0.000000
132,C3_anneal,0.031957,0.005347,0.026610,1.250000,0.005347,0.000000,0.000000,0.250000,0.250000,0.443919,0.286086,0.269995,0.294331,0.862495,0.117297,0.378174,0.294113,0.327713,0.250005,0.878663,0.093544,0.978705,1.250000,1.250000,0.500000,0.000000
133,C3_anneal,0.031904,0.005157,0.026747,1.250000,0.005157,0.000000,0.000000,0.250000,0.250000,0.443811,0.286018,0.270172,0.294637,0.862509,0.117248,0.377973,0.294088,0.327939,0.250005,0.878650,0.093440,0.978737,1.250000,1.250000,0.500000,0.000000
134,C3_anneal,0.032084,0.005099,0.026985,1.250000,0.005099,0.000000,0.000000,0.250000,0.250000,0.443867,0.286141,0.269992,0.294191,0.862253,0.117461,0.377808,0.294184,0.328008,0.250005,0.878770,0.093405,0.978575,1.250000,1.250000,0.500000,0.000000
135,C3_anneal,0.030738,0.005089,0.025649,1.250000,0.005089,0.000000,0.000000,0.250000,0.250000,0.443674,0.286410,0.269916,0.293910,0.862353,0.117616,0.377954,0.294033,0.328013,0.250005,0.878781,0.093523,0.978605,1.250000,1.250000,0.500000,0.000000
136,C3_anneal,0.032915,0.005417,0.027498,1.250000,0.005417,0.000000,0.000000,0.250000,0.250000,0.443736,0.286583,0.269681,0.294458,0.861779,0.117790,0.377610,0.293944,0.328446,0.250005,0.878839,0.093629,0.978598,1.250000,1.250000,0.500000,0.000000
137,C3_anneal,0.031871,0.005116,0.026755,1.250000,0.005116,0.000000,0.000000,0.250000,0.250000,0.443527,0.286882,0.269591,0.293283,0.861828,0.117814,0.378073,0.294124,0.327804,0.250005,0.878279,0.093777,0.978818,1.250000,1.250000,0.500000,0.000000
138,C3_anneal,0.030897,0.005168,0.025729,1.250000,0.005168,0.000000,0.000000,0.250000,0.250000,0.443295,0.287094,0.269611,0.293276,0.861479,0.118256,0.378124,0.294020,0.327856,0.250005,0.878594,0.093705,0.978432,1.250000,1.250000,0.500000,0.000000
139,C3_anneal,0.032128,0.005246,0.026882,1.250000,0.005246,0.000000,0.000000,0.250000,0.250000,0.443355,0.286823,0.269821,0.292757,0.861617,0.118324,0.378214,0.293662,0.328124,0.250005,0.878549,0.093609,0.978289,1.250000,1.250000,0.500000,0.000000
140,C3_anneal,0.031997,0.005204,0.026793,1.250000,0.005204,0.000000,0.000000,0.250000,0.250000,0.443432,0.286891,0.269677,0.293161,0.862143,0.117935,0.378361,0.293716,0.327923,0.250005,0.879347,0.092918,0.978635,1.250000,1.250000,0.500000,0.000000
141,C3_reliable_0p3,0.030493,0.005003,0.025489,1.250000,0.005003,0.000000,0.000000,0.250000,0.250000,0.443620,0.286894,0.269486,0.292211,0.862283,0.118007,0.377919,0.293940,0.328141,0.250005,0.879178,0.093054,0.978598,1.250000,1.250000,0.500000,0.000000
142,C3_reliable_0p3,0.031961,0.005223,0.026738,1.250000,0.005223,0.000000,0.000000,0.250000,0.250000,0.443245,0.287165,0.269590,0.292558,0.862510,0.117919,0.377508,0.294014,0.328477,0.250005,0.879202,0.093238,0.978338,1.250000,1.250000,0.500000,0.000000
143,C3_reliable_0p3,0.030345,0.005132,0.025213,1.250000,0.005132,0.000000,0.000000,0.250000,0.250000,0.443467,0.287046,0.269487,0.292943,0.862141,0.117962,0.377334,0.293928,0.328738,0.250005,0.879511,0.093227,0.978573,1.250000,1.250000,0.500000,0.000000
144,C3_reliable_0p3,0.031491,0.004986,0.026505,1.250000,0.004986,0.000000,0.000000,0.250000,0.250000,0.443715,0.286980,0.269305,0.293337,0.862214,0.117803,0.377558,0.293725,0.328717,0.250005,0.879709,0.093066,0.978694,1.250000,1.250000,0.500000,0.000000
145,C3_reliable_0p3,0.031949,0.005158,0.026791,1.250000,0.005158,0.000000,0.000000,0.250000,0.250000,0.443812,0.286524,0.269665,0.294201,0.862038,0.117897,0.377456,0.293764,0.328780,0.250005,0.879625,0.093033,0.978469,1.250000,1.250000,0.500000,0.000000
146,C3_reliable_0p3,0.031170,0.004933,0.026237,1.250000,0.004933,0.000000,0.000000,0.250000,0.250000,0.443090,0.287077,0.269834,0.293013,0.862092,0.118224,0.377693,0.293824,0.328483,0.250005,0.879793,0.092839,0.978936,1.250000,1.250000,0.500000,0.000000
147,C3_reliable_0p3,0.031370,0.004975,0.026394,1.250000,0.004975,0.000000,0.000000,0.250000,0.250000,0.442918,0.287151,0.269932,0.292891,0.862122,0.118090,0.377520,0.294009,0.328471,0.250005,0.879381,0.093106,0.978704,1.250000,1.250000,0.500000,0.000000
148,C3_reliable_0p3,0.030583,0.005018,0.025565,1.250000,0.005018,0.000000,0.000000,0.250000,0.250000,0.443146,0.287023,0.269831,0.293041,0.862156,0.118305,0.377753,0.293785,0.328462,0.250005,0.879833,0.092798,0.978621,1.250000,1.250000,0.500000,0.000000
149,C3_reliable_0p3,0.030623,0.005142,0.025481,1.250000,0.005142,0.000000,0.000000,0.250000,0.250000,0.443491,0.286820,0.269689,0.292654,0.861776,0.118502,0.377847,0.293562,0.328591,0.250005,0.879896,0.093004,0.978544,1.250000,1.250000,0.500000,0.000000
150,C3_reliable_0p3,0.030422,0.004978,0.025444,1.250000,0.004978,0.000000,0.000000,0.250000,0.250000,0.443607,0.286617,0.269776,0.292998,0.862022,0.118340,0.377710,0.293635,0.328655,0.250005,0.879722,0.093229,0.978559,1.250000,1.250000,0.500000,0.000000
