epoch,stage,total,bce
1,C3_broad_1to1,0.828348,0.500735
2,C3_broad_1to1,0.531188,0.318533
3,C3_broad_1to1,0.375185,0.225609
4,C3_broad_1to1,0.279797,0.168917
5,C3_broad_1to1,0.221743,0.133097
6,C3_broad_1to1,0.192267,0.113879
7,C3_broad_1to1,0.169089,0.097358
8,C3_broad_1to1,0.155763,0.087805
9,C3_broad_1to1,0.144485,0.079939
10,C3_broad_1to1,0.137245,0.074774
11,C3_broad_1to1,0.126958,0.067734
12,C3_broad_1to1,0.123145,0.064981
13,C3_broad_1to1,0.120554,0.063287
14,C3_broad_1to1,0.117448,0.061240
15,C3_broad_1to1,0.110415,0.056909
16,C3_broad_1to1,0.107295,0.053846
17,C3_broad_1to1,0.104125,0.052492
18,C3_broad_1to1,0.103835,0.052458
19,C3_broad_1to1,0.101729,0.051487
20,C3_broad_1to1,0.099129,0.049423
21,C3_broad_1to1,0.095248,0.047266
22,C3_broad_1to1,0.094783,0.046848
23,C3_broad_1to1,0.092762,0.046295
24,C3_broad_1to1,0.094572,0.046504
25,C3_broad_1to1,0.087403,0.043145
26,C3_broad_1to1,0.087620,0.043720
27,C3_broad_1to1,0.087742,0.043996
28,C3_broad_1to1,0.083583,0.041015
29,C3_broad_1to1,0.080724,0.039543
30,C3_broad_1to1,0.083553,0.040967
31,C3_broad_1to1,0.080370,0.039627
32,C3_broad_1to1,0.081547,0.040293
33,C3_broad_1to1,0.079577,0.039741
34,C3_broad_1to1,0.077595,0.037837
35,C3_broad_1to1,0.077659,0.038071
36,C3_broad_1to1,0.077583,0.038315
37,C3_broad_1to1,0.077139,0.037913
38,C3_broad_1to1,0.074678,0.036609
39,C3_broad_1to1,0.075072,0.036983
40,C3_broad_1to1,0.075256,0.037425
41,C3_broad_1to1,0.072184,0.035660
42,C3_broad_1to1,0.072662,0.035968
43,C3_broad_1to1,0.071040,0.034886
44,C3_broad_1to1,0.071435,0.035183
45,C3_broad_1to1,0.070513,0.034156
46,C3_broad_1to1,0.069536,0.034215
47,C3_broad_1to1,0.069309,0.033837
48,C3_broad_1to1,0.066870,0.032898
49,C3_broad_1to1,0.065245,0.031992
50,C3_broad_1to1,0.066985,0.032529
51,C3_broad_1to1,0.066118,0.032463
52,C3_broad_1to1,0.066020,0.032204
53,C3_broad_1to1,0.064054,0.031507
54,C3_broad_1to1,0.064800,0.031386
55,C3_broad_1to1,0.063767,0.031271
56,C3_broad_1to1,0.065981,0.032559
57,C3_broad_1to1,0.061443,0.029936
58,C3_broad_1to1,0.063175,0.030608
59,C3_broad_1to1,0.062132,0.030632
60,C3_broad_1to1,0.062578,0.030382
61,C3_anneal,0.176898,0.044578
62,C3_anneal,0.166397,0.054918
63,C3_anneal,0.159877,0.055403
64,C3_anneal,0.149824,0.053328
65,C3_anneal,0.149646,0.055688
66,C3_anneal,0.151172,0.060385
67,C3_anneal,0.146413,0.056820
68,C3_anneal,0.146917,0.062379
69,C3_anneal,0.139638,0.056004
70,C3_anneal,0.137438,0.060668
71,C3_anneal,0.138814,0.058648
72,C3_anneal,0.138664,0.062024
73,C3_anneal,0.139000,0.062777
74,C3_anneal,0.138820,0.062400
75,C3_anneal,0.135836,0.061200
76,C3_anneal,0.138662,0.067426
77,C3_anneal,0.133771,0.062745
78,C3_anneal,0.131181,0.060770
79,C3_anneal,0.128125,0.062863
80,C3_anneal,0.132567,0.062673
81,C3_anneal,0.128277,0.063394
82,C3_anneal,0.127824,0.068455
83,C3_anneal,0.127318,0.064109
84,C3_anneal,0.126369,0.065388
85,C3_anneal,0.126718,0.065960
86,C3_anneal,0.122778,0.063652
87,C3_anneal,0.121522,0.062362
88,C3_anneal,0.119589,0.066232
89,C3_anneal,0.124076,0.066153
90,C3_anneal,0.119576,0.060803
91,C3_anneal,0.121204,0.060219
92,C3_anneal,0.122923,0.064728
93,C3_anneal,0.116430,0.061061
94,C3_anneal,0.117489,0.057955
95,C3_anneal,0.115717,0.060041
96,C3_anneal,0.115565,0.061379
97,C3_anneal,0.116986,0.061360
98,C3_anneal,0.111007,0.054687
99,C3_anneal,0.111282,0.055655
100,C3_anneal,0.112406,0.054179
101,C3_anneal,0.109046,0.053866
102,C3_anneal,0.108315,0.054922
103,C3_anneal,0.108819,0.055338
104,C3_anneal,0.109484,0.054129
105,C3_anneal,0.106242,0.056302
106,C3_anneal,0.107561,0.052611
107,C3_anneal,0.107528,0.052565
108,C3_anneal,0.104445,0.054236
109,C3_anneal,0.100946,0.049264
110,C3_anneal,0.100641,0.050356
111,C3_anneal,0.102999,0.045135
112,C3_anneal,0.097358,0.046117
113,C3_anneal,0.095170,0.043456
114,C3_anneal,0.096182,0.041937
115,C3_anneal,0.094224,0.043024
116,C3_anneal,0.090234,0.041439
117,C3_anneal,0.092482,0.038886
118,C3_anneal,0.088790,0.040640
119,C3_anneal,0.091190,0.038217
120,C3_anneal,0.089106,0.037587
121,C3_anneal,0.083687,0.034690
122,C3_anneal,0.082805,0.035791
123,C3_anneal,0.082637,0.034703
124,C3_anneal,0.080690,0.033620
125,C3_anneal,0.080662,0.033572
126,C3_anneal,0.080591,0.032122
127,C3_anneal,0.078554,0.030926
128,C3_anneal,0.078101,0.031172
129,C3_anneal,0.077718,0.030651
130,C3_anneal,0.074975,0.031039
131,C3_reliable_0p3,0.076520,0.030444
132,C3_reliable_0p3,0.077735,0.030851
133,C3_reliable_0p3,0.076720,0.030444
134,C3_reliable_0p3,0.075374,0.030105
135,C3_reliable_0p3,0.077194,0.030379
136,C3_reliable_0p3,0.075747,0.029800
137,C3_reliable_0p3,0.077954,0.029655
138,C3_reliable_0p3,0.076378,0.030871
139,C3_reliable_0p3,0.075865,0.029586
140,C3_reliable_0p3,0.079129,0.029192
141,C3_reliable_0p3,0.074402,0.029842
142,C3_reliable_0p3,0.074139,0.029434
143,C3_reliable_0p3,0.075939,0.029356
144,C3_reliable_0p3,0.073828,0.029627
145,C3_reliable_0p3,0.075153,0.030527
146,C3_reliable_0p3,0.073387,0.028914
147,C3_reliable_0p3,0.075426,0.028675
148,C3_reliable_0p3,0.075194,0.029110
149,C3_reliable_0p3,0.075558,0.029209
150,C3_reliable_0p3,0.072527,0.029198
